0.2,9.579799665224649e-7
0.4,2.4485764140641034e-6
0.6000000000000001,4.560711757229069e-6
0.8,7.3782559948970185e-6
1.,0.00001098021788795561
1.2,0.000015440929759048263
1.4000000000000001,0.000020830226117712616
1.6,0.000027213616307880884
1.8,0.00003465245136851176
2.,0.000043204085292119154
2.2,0.00005292203086014744
2.4000000000000004,0.00006385611022851278
2.6000000000000005,0.00007605260043117692
2.8000000000000003,0.00008955437396433903
3.0000000000000004,0.00010440103460871805
3.2,0.00012062904864244408
3.4000000000000004,0.00013827187159228256
3.6000000000000005,0.00015736007066626898
3.8000000000000003,0.00017792144300633235
4.,0.00019998112989512998
4.2,0.00022356172704709418
4.4,0.00024868339110960497
4.6000000000000005,0.00027536394249624363
4.800000000000001,0.0003036189646702477
5.000000000000001,0.0003334618999925713
5.2,0.0003649041422453624
5.4,0.0003979551259381763
5.6000000000000005,0.00043262241250087517
5.800000000000001,0.0004689117734638907
6.000000000000001,0.0005068272707233605
6.2,0.0005463713339855793
6.4,0.0005875448354822381
6.6000000000000005,0.0006303471620450361
6.800000000000001,0.0006747762846254718
7.000000000000001,0.0007208288253429125
7.2,0.0007685001221414231
7.4,0.0008177842911333016
7.6000000000000005,0.000868674286704809
7.800000000000001,0.0009211619594572102
8.,0.0009752381120539219
8.2,0.001030892553042351
8.4,0.0010881141487168182
8.6,0.0011468908730868845
8.799999999999999,0.0012072098560133714
9.,0.0012690574295723643
9.2,0.0013324191727056291
9.4,0.0013972799542139936
9.6,0.0014636239741484607
9.8,0.0015314348036520975
10.,0.0016006954233040575
10.2,0.0016713882600154662
10.4,0.0017434952225253253
10.6,0.0018169977355430662
10.8,0.0018918767725828963
11.,0.001968112887533658
11.2,0.0020456862450065243
11.4,0.0021245766495015125
11.6,0.00220476357343249
11.8,0.0022862261840490908
12.,0.0023689433692927284
12.2,0.002452893762622715
12.4,0.0025380557668473387
12.6,0.0026244075769936365
12.8,0.0027119272022485545
13.,0.0028005924870030787
13.2,0.0028903811310299673
13.4,0.002981270708824721
13.6,0.0030732386881384428
13.8,0.0031662624477303797
14.,0.00326031929436698
14.2,0.003355386479093494
14.4,0.003451441212803283
14.6,0.0035484606811291746
14.8,0.003646422058680458
15.,0.003745302522648317
15.2,0.0038450792658017846
15.4,0.003945729508895567
15.6,0.004047230512510407
15.8,0.004149559588346007
16.,0.00425269410998583
16.2,0.004356611523152516
16.4,0.004461289355472039
16.6,0.004566705225764095
16.8,0.004672836852875688
17.,0.004779662064074361
17.2,0.004887158803016808
17.4,0.004995305137308361
17.6,0.005104079265668085
17.8,0.005213459524713865
18.,0.005323424395381399
18.2,0.005433952508990458
18.4,0.0055450226529714704
18.6,0.005656613776264875
18.8,0.005768704994405538
19.,0.005881275594303802
19.2,0.005994305038734644
19.400000000000002,0.006107772970545832
19.6,0.006221659216595728
19.8,0.006335943791430972
20.,0.006450606900713965
20.2,0.006565628944409712
20.400000000000002,0.006680990519741307
20.6,0.006796672423922975
20.8,0.006912655656679364
21.,0.007028921422559371
21.2,0.007145451133052659
21.400000000000002,0.007262226408516575
21.6,0.007379229079921081
21.8,0.007496441190418928
22.,0.007613844996748128
22.2,0.007731422970473504
22.400000000000002,0.007849157799073863
22.6,0.007967032386881186
22.8,0.008085029855877855
23.,0.008203133546357943
23.2,0.008321327017458139
23.400000000000002,0.008439594047563916
23.6,0.008557918634596231
23.8,0.008676284996183843
24.,0.008794677569726265
24.2,0.008913081012352074
24.400000000000002,0.009031480200777245
24.6,0.009149860231067883
24.8,0.009268206418311737
25.,0.00938650429620256
25.2,0.00950473961654135
25.400000000000002,0.009622898348658333
25.6,0.009740966678759337
25.8,0.009858931009200225
26.,0.009976777957692844
26.2,0.01009449435644566
26.400000000000002,0.01021206725124257
26.6,0.010329483900462663
26.8,0.01044673177404423
27.,0.010563798552395604
27.2,0.010680672125255825
27.400000000000002,0.01079734059050768
27.6,0.010913792252945705
27.8,0.011030015623001608
28.,0.01114599941542959
28.2,0.011261732547953717
28.400000000000002,0.01137720413987963
28.6,0.011492403510672718
28.8,0.011607320178504776
29.,0.011721943858771155
29.2,0.011836264462580195
29.400000000000002,0.011950272095216902
29.6,0.012063957054582509
29.8,0.01217730982961163
30.,0.012290321098668719
30.2,0.012402981727925179
30.400000000000002,0.012515282769718835
30.6,0.012627215460897066
30.8,0.012738771221145057
31.,0.012849941651300434
31.2,0.012960718531655542
31.400000000000002,0.013071093820248684
31.6,0.01318105965114537
31.8,0.013290608332710804
32.,0.013399732345874549
32.2,0.013508424342388596
32.400000000000006,0.013616677143079611
32.6,0.013724483736096473
32.800000000000004,0.013831837275153983
33.00000000000001,0.013938731077773436
33.2,0.014045158623521237
33.400000000000006,0.014151113552245945
33.6,0.01425658966231489
33.800000000000004,0.014361580908850792
34.00000000000001,0.01446608140196928
34.2,0.01457008540501778
34.400000000000006,0.014673587332816726
34.6,0.014776581749903272
34.800000000000004,0.014879063368778506
35.00000000000001,0.014981027048158332
35.2,0.01508246779122892
35.400000000000006,0.015183380743906915
35.6,0.015283761193105058
35.800000000000004,0.015383604565003588
36.00000000000001,0.01548290642332797
36.2,0.015581662467633196
36.400000000000006,0.015679868531595153
36.6,0.015777520581309455
36.800000000000004,0.015874614713598
37.00000000000001,0.01597114715432362
37.2,0.0160671142567132
37.400000000000006,0.016162512499689502
37.6,0.016257338486211862
37.800000000000004,0.016351588941626378
38.00000000000001,0.016445260712025383
38.2,0.016538350762616824
38.400000000000006,0.0166308561761035
38.60000000000001,0.016722774151072584
38.800000000000004,0.01681410200039541
39.00000000000001,0.016904837149637905
39.2,0.016994977135481718
39.400000000000006,0.017084519604156155
39.60000000000001,0.017173462309881336
39.800000000000004,0.017261803113322316
40.00000000000001,0.0173495399800547
40.2,0.017436670979041464
40.400000000000006,0.01752319428112155
40.60000000000001,0.017609108157509844
40.800000000000004,0.01769441097830906
41.00000000000001,0.01777910121103337
41.2,0.017863177419143804
41.400000000000006,0.017946638260595782
41.60000000000001,0.01802948248639848
41.800000000000004,0.018111708939186365
42.00000000000001,0.01819331655180278
42.2,0.018274304345895675
42.400000000000006,0.018354671430525528
42.60000000000001,0.01843441700078549
42.800000000000004,0.018513540336433685
43.00000000000001,0.018592040800537828
43.2,0.018669917838132103
43.400000000000006,0.018747170974886228
43.60000000000001,0.018823799815786864
43.800000000000004,0.01889980404383125
44.00000000000001,0.018975183418733138
44.2,0.01904993777564086
44.400000000000006,0.019124067023867836
44.60000000000001,0.019197571145635053
44.800000000000004,0.01927045019482595
45.00000000000001,0.019342704295753358
45.2,0.0194143336419386
45.400000000000006,0.01948533849490271
45.60000000000001,0.019555719182969777
45.800000000000004,0.019625476100082258
46.00000000000001,0.019694609704628323
46.2,0.01976312051828115
46.400000000000006,0.019831009124850276
46.60000000000001,0.019898276169144496
46.800000000000004,0.019964922355846966
47.00000000000001,0.020030948448401843
47.2,0.02009635526791271
47.400000000000006,0.020161143692052706
47.60000000000001,0.020225314653986196
47.800000000000004,0.02028886914130211
48.00000000000001,0.020351808194958593
48.2,0.020414132908239443
48.400000000000006,0.020475844425721472
48.60000000000001,0.020536943942253624
48.800000000000004,0.020597432701946944
49.00000000000001,0.020657311997176162
49.2,0.020716583167592006
49.400000000000006,0.020775247599144918
49.60000000000001,0.02083330672311942
49.800000000000004,0.020890762015179767
50.00000000000001,0.020947614994426184
50.2,0.02100386722246198
50.400000000000006,0.021059520302471484
50.60000000000001,0.021114575878308436
50.800000000000004,0.021169035633595117
51.00000000000001,0.021222901290831972
51.2,0.021276174610517506
51.400000000000006,0.02132885739027883
51.60000000000001,0.021380951464012213
51.800000000000004,0.021432458701034055
52.00000000000001,0.021483381005241907
52.2,0.021533720314285618
52.400000000000006,0.021583478598748453
52.60000000000001,0.02163265786133811
52.800000000000004,0.021681260136087753
53.00000000000001,0.021729287487566567
53.2,0.02177674201010023
53.400000000000006,0.021823625827001012
53.60000000000001,0.02186994108980727
53.800000000000004,0.021915689977532616
54.00000000000001,0.021960874695924434
54.2,0.02200549747673169
54.400000000000006,0.02204956057698208
54.60000000000001,0.022093066278268382
54.800000000000004,0.022136016886043823
55.00000000000001,0.02217841472892669
55.2,0.022220262158013683
55.400000000000006,0.022261561546202388
55.60000000000001,0.022302315287522433
55.800000000000004,0.022342525796475544
56.00000000000001,0.022382195507384094
56.2,0.022421326873748506
56.400000000000006,0.022459922367613027
56.60000000000001,0.02249798447894004
56.800000000000004,0.02253551571499283
57.00000000000001,0.022572518599726546
57.2,0.022608995673187603
57.400000000000006,0.022644949490921155
57.60000000000001,0.022680382623386747
57.800000000000004,0.02271529765538199
58.00000000000001,0.022749697185474226
58.2,0.022783583825440205
58.400000000000006,0.022816960199713455
58.60000000000001,0.02284982894483957
58.800000000000004,0.022882192708939084
59.00000000000001,0.022914054151178153
59.2,0.02294541594124666
59.400000000000006,0.022976280758843975
59.60000000000001,0.023006651293171986
59.800000000000004,0.02303653024243573
60.00000000000001,0.023065920313351158
60.2,0.02309482422066022
60.400000000000006,0.02312324468665318
60.60000000000001,0.02315118444069796
60.800000000000004,0.023178646218776574
61.00000000000001,0.0232056327630287
61.2,0.02323214682130187
61.400000000000006,0.023258191146708816
61.60000000000001,0.023283768497191513
61.800000000000004,0.023308881635091937
62.00000000000001,0.02333353332672956
62.2,0.02335772634198541
62.400000000000006,0.023381463453892713
62.60000000000001,0.02340474743823407
62.800000000000004,0.023427581073145038
63.00000000000001,0.023449967138723955
63.2,0.02347190841664843
63.400000000000006,0.023493407689797696
63.60000000000001,0.02351446774188143
63.800000000000004,0.023535091357074527
64.,0.02355528131965819
64.2,0.023575040413666724
64.4,0.02359437142254066
64.60000000000001,0.02361327712878545
64.80000000000001,0.023631760313636237
65.,0.023649823756728364
65.2,0.02366747023577353
65.4,0.023684702526241816
65.60000000000001,0.02370152340104915
65.80000000000001,0.02371793563025046
66.,0.023733941980738322
66.2,0.02374954521594702
66.4,0.02376474809556212
66.60000000000001,0.023779553375235258
66.80000000000001,0.02379396380630443
67.,0.023807982135519302
67.2,0.023821611104771896
67.4,0.023834853450832347
67.60000000000001,0.02384771190508975
67.80000000000001,0.023860189193298045
68.,0.023872288035327007
68.2,0.02388401114491792
68.4,0.02389536122944442
68.60000000000001,0.023906340989678015
68.80000000000001,0.02391695311955845
69.,0.02392720030596873
69.2,0.023937085228514975
69.4,0.0239466105593108
69.60000000000001,0.023955778962766305
69.80000000000001,0.023964593095381643
70.,0.02397305560554507
70.2,0.023981169133335374
70.4,0.02398893631032892
70.60000000000001,0.0239963597594107
70.80000000000001,0.024003442094589992
71.,0.024010185920820125
71.2,0.024016593833822552
71.4,0.024022668419914905
71.60000000000001,0.024028412255843505
71.80000000000001,0.024033827908619507
72.,0.024038917935359515
72.2,0.024043684883129805
72.4,0.02404813128879479
72.60000000000001,0.024052259678869103
72.80000000000001,0.02405607256937391
73.,0.024059572465696552
73.2,0.024062761862454304
73.4,0.02406564324336183
73.60000000000001,0.024068219081102044
73.80000000000001,0.02407049183720101
74.,0.02407246396190611
74.2,0.024074137894067822
74.4,0.024075516061025308
74.60000000000001,0.0240766008784949
74.80000000000001,0.024077394750462663
75.,0.02407790006907968
75.2,0.024078119214561405
75.4,0.02407805455508962
75.60000000000001,0.024077708446718228
75.80000000000001,0.024077083233281824
76.,0.024076181246307768
76.2,0.024075004804931237
76.4,0.02407355621581348
76.60000000000001,0.02407183777306305
76.80000000000001,0.024069851758160142
77.00000000000001,0.02406760043988388
77.2,0.024065086074242566
77.4,0.024062310904406845
77.60000000000001,0.024059277160645737
77.80000000000001,0.024055987060265654
78.00000000000001,0.024052442807551828
78.2,0.024048646593713037
78.4,0.02404460059682862
78.60000000000001,0.02404030698179846
78.80000000000001,0.02403576790029548
79.00000000000001,0.024030985490720778
79.2,0.024025961878161483
79.4,0.024020699174350933
79.60000000000001,0.02401519947763153
79.80000000000001,0.02400946487292014
80.00000000000001,0.02400349743167569
80.2,0.02399729921186939
80.4,0.02399087225795739
80.60000000000001,0.023984218600855436
80.80000000000001,0.023977340257916296
81.00000000000001,0.02397023923290905
81.2,0.023962917516000964
81.4,0.023955377083741285
81.60000000000001,0.0239476198990475
81.80000000000001,0.02393964791119351
82.00000000000001,0.023931463055799913
82.2,0.02392306725482672
82.4,0.023914462416567646
82.60000000000001,0.023905650435646728
82.80000000000001,0.02389663319301686
83.00000000000001,0.023887412555960205
83.2,0.023877990378090668
83.4,0.023868368499358212
83.60000000000001,0.02385854874605499
83.80000000000001,0.023848532930823327
84.00000000000001,0.02383832285266569
84.2,0.02382792029695604
84.4,0.02381732703545347
84.60000000000001,0.02380654482631694
84.80000000000001,0.02379557541412233
85.00000000000001,0.023784420529880713
85.2,0.02377308189105836
85.4,0.023761561201598523
85.60000000000001,0.02374986015194459
85.80000000000001,0.023737980419064872
86.00000000000001,0.02372592366647896
86.2,0.02371369154428543
86.4,0.023701285689191276
86.60000000000001,0.023688707724542346
86.80000000000001,0.02367595926035583
87.00000000000001,0.023663041893353474
87.2,0.023649957206996565
87.4,0.023636706771522242
87.60000000000001,0.02362329214398082
87.80000000000001,0.023609714868274765
88.00000000000001,0.023595976475198663
88.2,0.02358207848248068
88.4,0.023568022394824792
88.60000000000001,0.02355380970395483
88.80000000000001,0.023539441888659057
89.00000000000001,0.023524920414836357
89.2,0.023510246735543222
89.4,0.023495422291042088
89.60000000000001,0.023480448508850463
89.80000000000001,0.023465326803791337
90.00000000000001,0.02345005857804445
90.2,0.02343464522119868
90.4,0.02341908811030532
90.60000000000001,0.023403388609932366
90.80000000000001,0.023387548072219592
91.00000000000001,0.023371567836934812
91.2,0.023355449231530684
91.4,0.02333919357120276
91.60000000000001,0.023322802158947952
91.80000000000001,0.02330627628562413
92.00000000000001,0.023289617230010565
92.2,0.023272826258868763
92.4,0.023255904627004553
92.60000000000001,0.02323885357733054
92.80000000000001,0.023221674340929414
93.00000000000001,0.023204368137118035
93.2,0.02318693617351209
93.4,0.02316937964609138
93.60000000000001,0.02315169973926584
93.80000000000001,0.02313389762594235
94.00000000000001,0.023115974467591498
94.2,0.023097931414315796
94.4,0.023079769604917852
94.60000000000001,0.0230614901669694
94.80000000000001,0.02304309421688053
95.00000000000001,0.02302458285996985
95.2,0.023005957190534797
95.4,0.022987218291922688
95.60000000000001,0.022968367236601898
95.80000000000001,0.022949405086233877
96.00000000000001,0.022930332891745325
96.2,0.022911151693400845
96.4,0.022891862520875952
96.60000000000001,0.02287246639331563
96.80000000000001,0.02285296431880874
97.00000000000001,0.022833357294039493
97.2,0.02281364630189077
97.4,0.022793832312343304
97.60000000000001,0.02277391628520991
97.80000000000001,0.022753899170284253
98.00000000000001,0.022733781907416376
98.2,0.022713565426588023
98.4,0.02269325064798896
98.60000000000001,0.022672838482093
98.80000000000001,0.022652329829734277
99.00000000000001,0.02263172558218387
99.2,0.022611026621226625
99.4,0.022590233819237793
99.60000000000001,0.022569348039260327
99.80000000000001,0.022548370135082034
100.00000000000001,0.02252730095131266
100.2,0.022506141323461595
100.4,0.022484892078015156
100.60000000000001,0.02246355403251442
100.80000000000001,0.022442127995632652
101.00000000000001,0.02242061476725326
101.2,0.022399015138547404
101.4,0.022377329892052
101.60000000000001,0.022355559801747363
101.80000000000001,0.02233370563313529
102.00000000000001,0.022311768143316774
102.2,0.02228974808106988
102.4,0.022267646186927642
102.60000000000001,0.02224546319325588
102.80000000000001,0.02222319982433087
103.00000000000001,0.022200856796417135
103.2,0.02217843481784505
103.4,0.02215593458908858
103.60000000000001,0.022133356802842414
103.80000000000001,0.0221107021440998
104.00000000000001,0.022087971290229522
104.2,0.022065164911053266
104.4,0.022042283668922677
104.60000000000001,0.022019328218796062
104.80000000000001,0.021996299208315626
105.00000000000001,0.021973197277883588
105.2,0.021950023060739086
105.4,0.02192677718303429
105.60000000000001,0.021903460263910664
105.80000000000001,0.021880072915574762
106.00000000000001,0.02185661574337411
106.2,0.021833089345872775
106.4,0.02180949431492664
106.60000000000001,0.021785831235758626
106.80000000000001,0.02176210068703356
107.00000000000001,0.02173830324093282
107.2,0.0217144394632289
107.4,0.021690509913359416
107.60000000000001,0.02166651514450127
107.80000000000001,0.021642455703644134
108.00000000000001,0.021618332131663913
108.2,0.02159414496339599
108.4,0.021569894727707973
108.60000000000001,0.021545581947572175
108.80000000000001,0.021521207140138145
109.00000000000001,0.021496770816804407
109.2,0.021472273483290186
109.4,0.021447715639706794
109.60000000000001,0.02142309778062868
109.80000000000001,0.021398420395163976
110.00000000000001,0.02137368396702517
110.2,0.021348888974598863
110.4,0.021324035891015558
110.60000000000001,0.021299125184219114
110.80000000000001,0.021274157317035622
111.00000000000001,0.021249132747242088
111.2,0.0212240519276348
111.4,0.021198915306097122
111.60000000000001,0.02117372332566713
111.80000000000001,0.0211484764246047
112.00000000000001,0.021123175036458403
112.2,0.021097819590131822
112.4,0.02107241050994977
112.60000000000001,0.021046948215723553
112.80000000000001,0.021021433122816558
113.00000000000001,0.020995865642208976
113.2,0.020970246180562053
113.4,0.02094457514028239
113.60000000000001,0.020918852919585455
113.80000000000001,0.020893079912558715
114.00000000000001,0.0208672565092244
114.2,0.020841383095601986
114.4,0.020815460053770045
114.60000000000001,0.0207894877619278
114.80000000000001,0.020763466594456065
115.00000000000001,0.02073739692197825
115.2,0.020711279111420084
115.4,0.020685113526069623
115.60000000000001,0.020658900525636844
115.80000000000001,0.020632640466311934
116.00000000000001,0.020606333700824285
116.2,0.020579980578500308
116.4,0.020553581445320785
116.60000000000001,0.0205271366439783
116.80000000000001,0.020500646513933553
117.00000000000001,0.02047411139147185
117.2,0.020447531609758537
117.4,0.020420907498894608
117.60000000000001,0.02039423938597109
117.80000000000001,0.02036752759512375
118.00000000000001,0.020340772447586954
118.2,0.02031397426174668
118.4,0.020287133353194042
118.60000000000001,0.02026025003477737
118.80000000000001,0.02023332461665441
119.00000000000001,0.020206357406343817
119.2,0.020179348708776145
119.4,0.020152298826344648
119.60000000000001,0.020125208058955246
119.80000000000001,0.020098076704076175
120.00000000000001,0.020070905056787408
120.2,0.020043693409829057
120.4,0.020016442053649747
120.60000000000001,0.019989151276454432
120.80000000000001,0.019961821364251647
121.00000000000001,0.019934452600900203
121.2,0.019907045268155746
121.4,0.019879599645716447
121.60000000000001,0.019852116011268347
121.80000000000001,0.019824594640530407
122.00000000000001,0.019797035807298927
122.2,0.019769439783491362
122.4,0.01974180683918999
122.60000000000001,0.019714137242684737
122.80000000000001,0.019686431260515773
123.00000000000001,0.01965868915751562
123.2,0.01963091119685076
123.4,0.019603097640062565
123.60000000000001,0.019575248747108004
123.80000000000001,0.01954736477639992
124.00000000000001,0.019519445984846635
124.2,0.01949149262789116
124.4,0.019463504959549772
124.60000000000001,0.01943548323245071
124.80000000000001,0.01940742769787157
125.00000000000001,0.019379338605776862
125.2,0.019351216204854853
125.4,0.01932306074255377
125.60000000000001,0.019294872465118126
125.80000000000001,0.019266651617623826
126.00000000000001,0.019238398444013538
126.2,0.019210113187130767
126.4,0.019181796088754418
126.60000000000001,0.019153447389632247
126.80000000000001,0.019125067329513898
127.00000000000001,0.01909665614718385
127.2,0.019068214080493612
127.4,0.019039741366393394
127.60000000000001,0.019011238240963735
127.80000000000001,0.018982704939446142
128.,0.01895414169627371
128.2,0.01892554874510116
128.4,0.018896926318834256
128.6,0.018868274649659154
128.79999999999998,0.01883959396907089
129.,0.018810884507901696
129.2,0.018782146496348837
129.4,0.018753380164002003
129.6,0.018724585739870247
129.79999999999998,0.018695763452408268
130.,0.018666913529542806
130.2,0.018638036198698252
130.4,0.018609131686821642
130.6,0.018580200220407603
130.79999999999998,0.018551242025522833
131.,0.018522257327829885
131.2,0.018493246352610827
131.4,0.018464209324790096
131.6,0.018435146468957705
131.79999999999998,0.018406058009391067
132.,0.018376944170077347
132.2,0.018347805174734326
132.4,0.018318641246832197
132.6,0.018289452609613618
132.79999999999998,0.018260239486114382
133.,0.01823100209918321
133.2,0.018201740671501255
133.4,0.01817245542560108
133.6,0.018143146583885442
133.79999999999998,0.01811381436864571
134.,0.018084459002079608
134.2,0.01805508070630906
134.4,0.018025679703396903
134.6,0.017996256215364305
134.79999999999998,0.017966810464206555
135.,0.017937342671909523
135.2,0.017907853060465287
135.4,0.017878341851887268
135.6,0.017848809268225442
135.79999999999998,0.017819255531580744
136.,0.017789680864119323
136.2,0.017760085488086517
136.4,0.017730469625820165
136.6,0.017700833499764153
136.79999999999998,0.01767117733248081
137.,0.01764150134666371
137.2,0.01761180576514967
137.4,0.01758209081093053
137.6,0.017552356707164696
137.79999999999998,0.01752260367718826
138.,0.017492831944525642
138.2,0.017463041732900385
138.4,0.01743323326624487
138.6,0.017403406768710543
138.79999999999998,0.017373562464677087
139.,0.017343700578761966
139.2,0.01731382133582879
139.4,0.017283924960996434
139.6,0.017254011679646818
139.79999999999998,0.01722408171743313
140.,0.017194135300287454
140.2,0.017164172654427913
140.4,0.017134194006365837
140.6,0.017104199582912663
140.79999999999998,0.017074189611186143
141.,0.0170441643186165
141.2,0.017014123932952548
141.4,0.01698406868226724
141.6,0.016953998794962746
141.79999999999998,0.016923914499775684
142.,0.016893816025782035
142.2,0.016863703602401116
142.4,0.01683357745940059
142.6,0.016803437826899657
142.79999999999998,0.016773284935373257
143.,0.016743119015655325
143.2,0.016712940298941988
143.4,0.01668274901679431
143.6,0.01665254540114155
143.79999999999998,0.01662232968428292
144.,0.016592102098890085
144.2,0.016561862878009103
144.4,0.016531612255062063
144.6,0.016501350463848635
144.79999999999998,0.016471077738547044
145.,0.016440794313715534
145.2,0.016410500424292596
145.4,0.016380196305598
145.6,0.0163498821933327
145.79999999999998,0.016319558323579435
146.,0.016289224932801737
146.2,0.01625888225784479
146.4,0.01622853053593388
146.6,0.01619817000467414
146.79999999999998,0.016167800902049462
147.,0.016137423466421434
147.2,0.01610703793652774
147.4,0.01607664455148089
147.6,0.016046243550766268
147.79999999999998,0.016015835174240246
148.,0.015985419662128103
148.2,0.015954997255021586
148.4,0.015924568193876495
148.6,0.015894132720010095
148.79999999999998,0.01586369107509779
149.,0.015833243501170758
149.2,0.015802790240612177
149.4,0.015772331536154163
149.6,0.015741867630874117
149.79999999999998,0.01571139876819077
150.,0.01568092519186086
150.2,0.01565044714597444
150.4,0.015619964874951132
150.6,0.015589478623535585
150.79999999999998,0.015558988636793076
151.,0.0155284951601048
151.2,0.015497998439162886
151.4,0.015467498719965833
151.6,0.01543699624881299
151.79999999999998,0.015406491272299625
152.,0.015375984037311632
152.2,0.015345474791019621
152.4,0.015314963780873648
152.6,0.015284451254597214
152.79999999999998,0.015253937460181874
153.,0.015223422645880412
153.2,0.015192907060201318
153.4,0.015162390951902424
153.6,0.015131874569984322
153.8,0.015101358163684166
154.,0.01507084198246885
154.2,0.015040326276028382
154.4,0.015009811294268979
154.6,0.014979297287306443
154.8,0.014948784505458647
155.,0.014918273199238875
155.2,0.014887763619348307
155.4,0.014857256016668794
155.6,0.014826750642255521
155.8,0.014796247747329353
156.,0.01476574758326928
156.2,0.014735250401604769
156.4,0.014704756454008238
156.6,0.014674265992286425
156.8,0.014643779268373555
157.,0.014613296534322365
157.2,0.014582818042296615
157.4,0.014552344044562687
157.6,0.014521874793481422
157.8,0.014491410541499725
158.,0.014460951541142386
158.2,0.014430498045003409
158.4,0.014400050305737726
158.6,0.014369608576052585
158.8,0.01433917310869856
159.,0.014308744156461788
159.2,0.014278321972154145
159.4,0.014247906808605148
159.6,0.014217498918653088
159.8,0.014187098555135683
160.,0.014156705970881665
160.2,0.014126321418701668
160.4,0.014095945151378953
160.6,0.014065577421660602
160.8,0.014035218482248235
161.,0.014004868585789065
161.2,0.013974527984866694
161.4,0.013944196931991481
161.6,0.013913875679591878
161.8,0.013883564480005004
162.,0.013853263585466877
162.2,0.01382297324810368
162.4,0.013792693719922117
162.6,0.013762425252799929
162.8,0.013732168098476834
163.,0.013701922508544661
163.2,0.013671688734438185
163.4,0.013641467027425518
163.6,0.013611257638598901
163.8,0.013581060818864798
164.,0.013550876818934757
164.2,0.01352070588931547
164.4,0.013490548280299802
164.6,0.013460404241956693
164.8,0.013430274024121986
165.,0.01340015787638878
165.2,0.013370056048097859
165.4,0.013339968788328061
165.6,0.01330989634588678
165.8,0.013279838969300614
166.,0.013249796906805366
166.2,0.013219770406337025
166.4,0.013189759715521734
166.6,0.01315976508166657
166.8,0.01312978675175001
167.,0.013099824972412159
167.2,0.01306987998994551
167.4,0.013039952050285356
167.6,0.013010041399000314
167.8,0.012980148281282692
168.,0.012950272941939442
168.2,0.012920415625382266
168.4,0.012890576575618456
168.6,0.012860756036241514
168.8,0.012830954250421658
169.,0.01280117146089656
169.2,0.012771407909961915
169.4,0.012741663839462115
169.6,0.012711939490781293
169.8,0.012682235104833664
170.,0.012652550922054417
170.2,0.01262288718239066
170.4,0.012593244125292145
170.6,0.01256362198970208
170.8,0.012534021014048085
171.,0.012504441436233183
171.2,0.012474883493626632
171.4,0.01244534742305491
171.6,0.012415833460793129
171.8,0.012386341842555344
172.,0.012356872803486584
172.2,0.01232742657815316
172.4,0.012298003400534475
172.6,0.012268603504013913
172.8,0.012239227121370226
173.,0.012209874484768722
173.2,0.012180545825752816
173.4,0.012151241375235334
173.6,0.01212196136348993
173.8,0.012092706020142665
174.,0.0120634755741633
174.2,0.012034270253857345
174.4,0.012005090286857253
174.6,0.011975935900114292
174.8,0.011946807319890269
175.,0.011917704771749148
175.2,0.01188862848054937
175.4,0.011859578670435132
175.6,0.011830555564828635
175.8,0.011801559386422139
176.,0.01177259035716989
176.2,0.011743648698280266
176.4,0.011714734630207828
176.6,0.011685848372645724
176.8,0.01165699014451782
177.,0.011628160163971148
177.2,0.011599358648368073
177.4,0.011570585814279
177.6,0.011541841877474774
177.8,0.011513127052919129
178.,0.01148444155476148
178.2,0.011455785596329485
178.4,0.01142715939012209
178.6,0.011398563147801745
178.8,0.011369997080187818
179.,0.011341461397249356
179.2,0.011312956308097956
179.4,0.011284482020981063
179.6,0.011256038743274776
179.8,0.011227626681477514
180.,0.011199246041202688
180.2,0.01117089702717248
180.4,0.011142579843210886
180.6,0.011114294692237573
180.8,0.011086041776261064
181.,0.011057821296372387
181.2,0.01102963345273872
181.4,0.011001478444597325
181.6,0.010973356470248975
181.8,0.010945267727052083
182.,0.010917212411416608
182.2,0.010889190718797863
182.4,0.010861202843690704
182.6,0.010833248979623837
182.8,0.01080532931915351
183.,0.010777444053858425
183.2,0.010749593374333587
183.4,0.010721777470184863
183.6,0.010693996530023717
183.8,0.01066625074146129
184.,0.010638540291103327
184.2,0.010610865364544985
184.4,0.010583226146365272
184.6,0.010555622820122082
184.8,0.0105280555683471
185.,0.010500524572540765
185.2,0.010473030013167262
185.4,0.010445572069649849
185.6,0.010418150920365651
185.8,0.010390766742641418
186.,0.01036341971274861
186.2,0.01033611000589866
186.4,0.010308837796238975
186.6,0.010281603256847831
186.8,0.010254406559730644
187.,0.010227247875815072
187.2,0.010200127374947361
187.4,0.010173045225887852
187.6,0.01014600159630711
187.8,0.010118996652781603
188.,0.010092030560790123
188.2,0.010065103484709745
188.4,0.010038215587812196
188.6,0.01001136703225985
188.8,0.009984557979102464
189.,0.00995778858827353
189.2,0.009931059018586475
189.4,0.009904369427731515
189.6,0.009877719972272382
189.8,0.009851110807642926
190.,0.009824542088143894
190.2,0.009798013966939738
190.4,0.009771526596056002
190.6,0.009745080126375648
190.8,0.009718674707636755
191.,0.009692310488429287
191.2,0.00966598761619269
191.4,0.009639706237212824
191.6,0.009613466496619828
191.8,0.009587268538384805
192.,0.00956111250531824
192.2,0.009534998539066943
192.4,0.009508926780112085
192.6,0.009482897367766821
192.8,0.009456910440174078
193.,0.009430966134304407
193.2,0.009405064585953957
193.4,0.009379205929742703
193.6,0.009353390299112299
193.8,0.009327617826324242
194.,0.009301888642458279
194.2,0.009276202877410687
194.4,0.009250560659892423
194.6,0.009224962117427906
194.8,0.009199407376353235
195.,0.009173896561815106
195.2,0.009148429797769001
195.4,0.009123007206978487
195.6,0.009097628911013358
195.8,0.009072295030249129
196.,0.009047005683865513
196.2,0.009021760989845671
196.4,0.008996561064975171
196.6,0.008971406024841151
196.8,0.008946295983831403
197.,0.008921231055133951
197.2,0.0088962113507359
197.4,0.008871236981423287
197.6,0.00884630805678025
197.8,0.008821424685188891
198.,0.008796586973828343
198.2,0.008771795028674955
198.4,0.008747048954501829
198.6,0.008722348854878211
198.8,0.008697694832170245
199.,0.008673086987540057
199.2,0.008648525420946095
199.4,0.008624010231143028
199.6,0.008599541515682051
199.8,0.008575119370910978
200.,0.008550743891974341
200.2,0.008526415172813866
200.4,0.008502133306168648
200.6,0.008477898383575846
200.8,0.008453710495370727
201.,0.008429569730687736
201.2,0.00840547617746062
201.4,0.008381429922423377
201.6,0.00835743105111085
201.8,0.008333479647859557
202.,0.008309575795808554
202.2,0.00828571957690014
202.4,0.008261911071881076
202.6,0.008238150360303509
202.8,0.008214437520525865
203.,0.008190772629714196
203.2,0.00816715576384334
203.4,0.008143586997697948
203.6,0.008120066404874005
203.8,0.008096594057780088
204.,0.008073170027638875
204.2,0.008049794384488357
204.4,0.008026467197183711
204.6,0.008003188533398351
204.8,0.007979958459626232
205.,0.007956777041182863
205.2,0.007933644342207481
205.4,0.007910560425664452
205.6,0.007887525353345717
205.8,0.007864539185872021
206.,0.007841601982695004
206.2,0.007818713802099591
206.4,0.0077958747012053155
206.6,0.007773084735969483
206.8,0.007750343961187855
207.,0.007727652430497958
207.2,0.007705010196381228
207.4,0.007682417310164568
207.6,0.007659873822023562
207.8,0.00763737978098412
208.,0.007614935234925368
208.2,0.007592540230581989
208.4,0.007570194813546485
208.6,0.0075478990282723795
208.8,0.007525652918075999
209.,0.007503456525139879
209.2,0.007481309890514699
209.4,0.007459213054123054
209.6,0.00743716605476113
209.8,0.007415168930102214
210.,0.007393221716699356
210.2,0.00737132444998842
210.4,0.007349477164290842
210.6,0.007327679892816785
210.8,0.007305932667667825
211.,0.007284235519840811
211.2,0.007262588479230113
211.4,0.0072409915746314
211.6,0.007219444833744414
211.8,0.007197948283176441
212.,0.007176501948445655
212.2,0.007155105853984177
212.4,0.007133760023141666
212.6,0.007112464478188583
212.8,0.007091219240319677
213.,0.007070024329657399
213.2,0.007048879765255426
213.4,0.00702778556510213
213.6,0.007006741746124515
213.8,0.006985748324190922
214.,0.006964805314115996
214.2,0.006943912729663141
214.4,0.006923070583548944
214.6,0.0069022788874465585
214.8,0.006881537651989733
215.,0.006860846886776408
215.2,0.00684020660037271
215.4,0.006819616800316664
215.6,0.0067990774931224246
215.8,0.006778588684283591
216.,0.006758150378277886
216.2,0.006737762578570661
216.4,0.0067174252876190275
216.6,0.006697138506876024
216.8,0.006676902236794624
217.,0.006656716476831671
217.2,0.006636581225452359
217.4,0.006616496480134024
217.6,0.006596462237370806
217.8,0.0065764784926771545
218.,0.006556545240592938
218.2,0.006536662474686768
218.4,0.006516830187561198
218.6,0.006497048370856398
218.8,0.0064773170152546385
219.,0.006457636110485053
219.2,0.006438005645327381
219.4,0.00641842560761695
219.6,0.00639889598424857
219.8,0.006379416761181521
220.,0.006359987923443685
220.2,0.00634060945513613
220.4,0.006321281339437835
220.6,0.006302003558609801
220.8,0.006282776093999938
221.,0.006263598926047637
221.2,0.006244472034288176
221.4,0.0062253953973576415
221.6,0.006206368992997261
221.8,0.006187392798058147
222.,0.00616846678850617
222.2,0.006149590939426483
222.4,0.006130765225027967
222.6,0.0061119896186485785
222.8,0.006093264092759635
223.,0.00607458861897067
223.2,0.0060559631680343175
223.4,0.006037387709850743
223.6,0.006018862213473116
223.8,0.006000386647111748
224.,0.005981960978139408
224.2,0.005963585173095828
224.4,0.005945259197692692
224.6,0.0059269830168188625
224.8,0.005908756594544445
225.,0.005890579894126516
225.2,0.005872452878013601
225.4,0.005854375507850876
225.6,0.005836347744484634
225.8,0.0058183695479677245
226.,0.005800440877564214
226.2,0.005782561691754518
226.4,0.005764731948240261
226.6,0.005746951603949403
226.8,0.0057292206150409974
227.,0.005711538936910445
227.2,0.0056939065241942925
227.4,0.005676323330775556
227.6,0.005658789309788349
227.8,0.005641304413623238
228.,0.005623868593932237
228.2,0.005606481801633597
228.4,0.005589143986917141
228.6,0.005571855099249346
228.8,0.0055546150873781435
229.,0.005537423899338385
229.2,0.0055202814824564725
229.4,0.005503187783355748
229.6,0.005486142747961479
229.8,0.005469146321506043
230.,0.005452198448533813
230.2,0.005435299072906526
230.4,0.005418448137808219
230.6,0.0054016455857502695
230.8,0.005384891358576758
231.,0.005368185397469326
231.2,0.005351527642952391
231.4,0.005334918034898257
231.6,0.005318356512532348
231.8,0.0053018430144379965
232.,0.0052853774785619105
232.2,0.005268959842219007
232.4,0.005252590042098081
232.6,0.0052362680142658755
232.8,0.005219993694173389
233.,0.005203767016660112
233.2,0.00518758791595968
233.4,0.005171456325704654
233.6,0.005155372178931928
233.8,0.00513933540808733
234.,0.005123345945031521
234.2,0.005107403721044316
234.4,0.005091508666830209
234.6,0.005075660712523569
234.8,0.0050598597876933315
235.,0.005044105821348368
235.2,0.0050283987419426236
235.4,0.005012738477380159
235.6,0.00499712495502007
235.8,0.004981558101681647
236.,0.004966037843649547
236.2,0.004950564106678993
236.4,0.0049351368160002185
236.6,0.004919755896324447
236.8,0.004904421271848033
237.,0.004889132866258094
237.2,0.004873890602737535
237.4,0.004858694403969684
237.6,0.00484354419214364
237.8,0.00482843988895932
238.,0.004813381415632182
238.2,0.004798368692898632
238.4,0.004783401641020646
238.6,0.004768480179791033
238.8,0.004753604228538209
239.,0.004738773706131301
239.2,0.004723988530985115
239.4,0.0047092486210651065
239.6,0.004694553893892097
239.8,0.004679904266547566
240.,0.004665299655678265
240.2,0.004650739977501435
240.4,0.004636225147809655
240.6,0.004621755081975126
240.8,0.004607329694955712
241.,0.004592948901298753
241.2,0.004578612615146709
241.4,0.004564320750241357
241.6,0.004550073219929202
241.8,0.004535869937165957
242.,0.00452171081452147
242.2,0.004507595764184648
242.4,0.0044935246979680285
242.6,0.004479497527312802
242.8,0.004465514163293433
243.,0.004451574516622579
243.2,0.0044376784976555075
243.4,0.004423826016395288
243.6,0.004410016982497238
243.8,0.004396251305273693
244.,0.004382528893698746
244.2,0.004368849656412847
244.4,0.004355213501727486
244.6,0.004341620337630084
244.8,0.004328070071788207
245.,0.004314562611554701
245.2,0.004301097863971943
245.4,0.004287675735776477
245.6,0.004274296133403814
245.8,0.004260958962992868
246.,0.004247664130390342
246.2,0.004234411541155799
246.4,0.004221201100565561
246.6,0.004208032713617632
246.8,0.004194906285036094
247.,0.004181821719275546
247.2,0.004168778920525578
247.4,0.004155777792715389
247.6,0.004142818239517919
247.8,0.0041299001643546225
248.,0.004117023470399549
248.2,0.004104188060583985
248.4,0.004091393837600544
248.6,0.0040786407039078215
248.8,0.004065928561734692
249.,0.004053257313084562
249.2,0.0040406268597393755
249.4,0.0040280371032645566
249.6,0.0040154879450127615
249.8,0.004002979286128242
250.,0.003990511027551172
250.2,0.0039780830700220215
250.4,0.003965695314085251
250.6,0.0039533476600940145
250.8,0.003941040008214096
251.,0.0039287722584281795
251.2,0.00391654431053969
251.4,0.0039043560641773244
251.6,0.0038922074187988254
251.8,0.003880098273695139
252.,0.003868028527994743
252.2,0.0038559980806671286
252.4,0.0038440068305273757
252.6,0.003832054676239729
252.8,0.003820141516322134
253.,0.003808267249149494
253.2,0.0037964317729581947
253.4,0.0037846349858497706
253.6,0.0037728767857947553
253.8,0.0037611570706368664
254.,0.0037494757380966528
254.2,0.0037378326857752803
254.4,0.0037262278111585916
254.6,0.0037146610116207896
254.8,0.0037031321844281607
255.,0.0036916412267431337
255.2,0.0036801880356276294
255.4,0.003668772508047268
255.6,0.0036573945408745027
255.8,0.003646054030892948
256.,0.0036347508748006173
256.2,0.003623484969213794
256.4,0.003612256210670516
256.6,0.0036010644956343883
256.8,0.003589909720497897
257.,0.0035787917815864796
257.2,0.0035677105751613465
257.4,0.003556665997423999
257.6,0.0035456579445185222
257.8,0.003534686312536322
258.,0.0035237509975187516
258.2,0.0035128518954609207
258.4,0.0035019889023150982
258.6,0.0034911619139942145
258.8,0.0034803708263747455
259.,0.003469615535301073
259.2,0.003458895936587841
259.4,0.003448211926023663
259.6,0.0034375633993748607
259.8,0.003426950252388105
260.,0.0034163723807939333
260.2,0.003405829680310348
260.4,0.003395322046645512
260.6,0.0033848493755011793
260.8,0.0033744115625759666
261.,0.003364008503568482
261.2,0.0033536400941804947
261.4,0.0033433062301199638
261.6,0.0033330068071040627
261.8,0.003322741720862843
262.,0.003312510867141457
262.2,0.003302314141703891
262.4,0.0032921514403356274
262.6,0.003282022658846734
262.8,0.0032719276930749963
263.,0.003261866438888523
263.2,0.0032518387921892126
263.4,0.0032418446489152182
263.6,0.0032318839050441287
263.8,0.003221956456595682
264.,0.003212062199634664
264.2,0.00320220103027384
264.4,0.0031923728446765836
264.6,0.003182577539060108
264.8,0.0031728150096975855
265.,0.003163085152921419
265.2,0.003153387865125986
265.4,0.0031437230427699206
265.6,0.003134090582379176
265.8,0.00312449038054956
266.,0.0031149223339496856
266.2,0.0031053863393230175
266.4,0.0030958822934910586
266.6,0.003086410093355532
266.8,0.0030769696359012476
267.,0.0030675608181985497
267.2,0.003058183537405659
267.4,0.0030488376907715567
267.6,0.0030395231756380732
267.8,0.003030239889442796
268.,0.0030209877297210632
268.2,0.0030117665941087283
268.4,0.0030025763803444494
268.6,0.0029934169862719543
268.8,0.002984288309842627
269.,0.0029751902491177698
269.2,0.0029661227022708247
269.4,0.0029570855675897863
269.6,0.0029480787434796075
269.8,0.002939102128464092
270.,0.0029301556211885796
270.2,0.002921239120421858
270.4,0.0029123525250584832
270.6,0.0029034957341210364
270.8,0.002894668646762049
271.,0.0028858711622664814
271.2,0.0028771031800535448
271.4,0.0028683645996789675
271.6,0.002859655320837055
271.8,0.0028509752433627483
272.,0.0028423242672336877
272.2,0.002833702292572157
272.4,0.002825109219647157
272.6,0.0028165449488764126
272.8,0.002808009380828299
273.,0.0027995024162237965
273.2,0.002791023955938341
273.4,0.002782573901003919
273.6,0.002774152152610794
273.8,0.0027657586121094834
274.,0.0027573931810123383
274.2,0.0027490557609958157
274.4,0.0027407462539019677
274.6,0.0027324645617402654
274.8,0.0027242105866895293
275.,0.0027159842310994567
275.2,0.002707785397492596
275.4,0.002699613988565842
275.6,0.002691469907192244
275.8,0.0026833530564227184
276.,0.0026752633394876626
276.2,0.0026672006597984743
276.4,0.0026591649209494047
276.6,0.00265115602671891
276.8,0.0026431738810714337
277.,0.0026352183881590626
277.2,0.0026272894523225515
277.4,0.0026193869780934687
277.6,0.0026115108701954626
277.8,0.002603661033545537
278.,0.002595837373255783
278.2,0.0025880397946348617
278.4,0.002580268203189285
278.6,0.0025725225046249645
278.8,0.0025648026048484427
279.,0.002557108409968266
279.2,0.0025494398262967087
279.4,0.002541796760350668
279.6,0.0025341791188534047
279.8,0.002526586808735241
280.,0.0025190197371356858
280.2,0.002511477811404035
280.4,0.0025039609391009077
280.6,0.0024964690279993293
280.8,0.0024890019860863014
281.,0.002481559721563673
281.2,0.002474142142849363
281.4,0.0024667491585785616
281.6,0.0024593806776051067
281.8,0.002452036609002301
282.,0.0024447168620641505
282.2,0.0024374213463065485
282.4,0.0024301499714681537
282.6,0.0024229026475118516
282.8,0.0024156792846253988
283.,0.00240847979322251
283.2,0.0024013040839440895
283.4,0.002394152067659207
283.6,0.0023870236554658754
283.8,0.0023799187586922965
284.,0.002372837288897464
284.2,0.002365779157872455
284.4,0.002358744277641004
284.6,0.002351732560460995
284.8,0.002344743918824583
285.,0.0023377782654595914
285.2,0.0023308355133302523
285.4,0.0023239155756380175
285.6,0.0023170183658222203
285.8,0.0023101437975613466
286.,0.002303291784773384
286.2,0.0022964622416167335
286.4,0.002289655082491025
286.6,0.0022828702220376905
286.8,0.0022761075751413615
287.,0.0022693670569294065
287.2,0.0022626485827737983
287.4,0.0022559520682910164
287.6,0.0022492774293432225
287.8,0.0022426245820386095
288.,0.002235993442732143
288.2,0.0022293839280262506
288.4,0.0022227959547711958
288.6,0.0022162294400663515
288.8,0.0022096843012596587
289.,0.002203160455949451
289.2,0.0021966578219839734
289.4,0.0021901763174625092
289.6,0.002183715860735918
289.8,0.002177276370406752
290.,0.0021708577653301187
290.2,0.0021644599646141196
290.4,0.0021580828876201106
290.6,0.002151726453963482
290.8,0.002145390583513738
291.,0.0021390751963953685
291.2,0.002132780212987791
291.4,0.0021265055539263864
291.6,0.0021202511401018373
291.8,0.002114016892661893
292.,0.002107802733010605
292.2,0.002101608582809251
292.4,0.0020954343639763666
292.6,0.002089279998688459
292.8,0.0020831454093800687
293.,0.002077030518743894
293.2,0.002070935249731425
293.4,0.002064859525553141
293.6,0.0020588032696787213
293.8,0.0020527664058371834
294.,0.002046748858017359
294.2,0.002040750550467889
294.4,0.0020347714076977288
294.6,0.002028811354476028
294.8,0.0020228703158325975
295.,0.002016948217057856
295.2,0.002011044983703284
295.4,0.0020051605415812657
295.6,0.001999294816765421
295.8,0.0019934477355907226
296.,0.00198761922465359
296.2,0.0019818092108120984
296.4,0.0019760176211858337
296.6,0.00197024438315629
296.8,0.001964489424366719
297.,0.0019587526727223156
297.2,0.0019530340563902514
297.4,0.00194733350379953
297.6,0.0019416509436415053
297.8,0.0019359863048695025
298.,0.0019303395166986757
298.2,0.001924710508606557
298.4,0.0019190992103326077
298.6,0.001913505551878458
298.8,0.0019079294635076871
299.,0.0019023708757459038
299.2,0.0018968297193805701
299.4,0.0018913059254611563
299.6,0.0018857994252988338
299.8,0.0018803101504666795
300.,0.0018748380327991642
300.2,0.0018693830043925788
300.4,0.001863944997604464
300.6,0.0018585239450537524
300.8,0.001853119779620632
301.,0.0018477324344462172
301.2,0.0018423618429326224
301.4,0.0018370079387427666
301.6,0.00183167065580005
301.8,0.0018263499282883933
302.,0.0018210456906519274
302.2,0.0018157578775948248
302.4,0.0018104864240809843
302.6,0.0018052312653342542
302.8,0.0017999923368376236
303.,0.0017947695743333065
303.2,0.0017895629138225937
303.4,0.001784372291565401
303.6,0.0017791976440802528
303.8,0.001774038908143609
304.,0.0017688960207901724
304.2,0.0017637689193120772
304.4,0.0017586575412588791
304.6,0.0017535618244372783
304.8,0.001748481706910766
305.,0.0017434171269992012
305.2,0.001738368023278656
305.4,0.0017333343345811007
305.6,0.0017283159999939243
305.8,0.0017233129588596374
306.,0.0017183251507756772
306.2,0.0017133525155938129
306.4,0.0017083949934201354
306.6,0.0017034525246141484
306.8,0.0016985250497889468
307.,0.001693612509810481
307.2,0.0016887148457973185
307.40000000000003,0.001683831999120289
307.6,0.0016789639114017734
307.8,0.0016741105245158014
308.,0.0016692717805871465
308.2,0.0016644476219912132
308.40000000000003,0.0016596379913534076
308.6,0.0016548428315488824
308.8,0.0016500620857019057
309.,0.0016452956971857251
309.2,0.001640543609621585
309.40000000000003,0.0016358057668786838
309.6,0.0016310821130737815
309.8,0.001626372592570325
310.,0.0016216771499781976
310.2,0.0016169957301533002
310.40000000000003,0.0016123282781968589
310.6,0.0016076747394551893
310.8,0.0016030350595188582
311.,0.0015984091842225284
311.2,0.0015937970596441005
311.40000000000003,0.0015891986321045224
311.6,0.0015846138481669645
311.8,0.0015800426546364382
312.,0.0015754849985593904
312.2,0.0015709408272228118
312.40000000000003,0.0015664100881540451
312.6,0.0015618927291199064
312.8,0.0015573886981264874
313.,0.0015528979434182633
313.2,0.0015484204134776957
313.40000000000003,0.0015439560570247018
313.6,0.0015395048230158088
313.8,0.0015350666606439595
314.,0.001530641519337658
314.2,0.001526229348760371
314.40000000000003,0.0015218300988100776
314.6,0.0015174437196186826
314.8,0.0015130701615510345
315.,0.0015087093752049643
315.2,0.0015043613114100337
315.40000000000003,0.0015000259212273916
315.6,0.0014957031559487402
315.8,0.001491392967096201
316.,0.0014870953064211006
316.2,0.0014828101259038817
316.40000000000003,0.0014785373777530895
316.6,0.0014742770144048848
316.8,0.0014700289885223516
317.,0.0014657932529950615
317.2,0.0014615697609379177
317.40000000000003,0.0014573584656909842
317.6,0.0014531593208186471
317.8,0.0014489722801090065
318.,0.0014447972975729262
318.2,0.0014406343274437935
318.40000000000003,0.001436483324176651
318.6,0.0014323442424473841
318.8,0.001428217037152191
319.,0.0014241016634069514
319.2,0.0014199980765463574
319.40000000000003,0.0014159062321234448
319.6,0.0014118260859086011
319.8,0.0014077575938892092
320.,0.0014037007122686906
320.2,0.0013996553974659695
320.40000000000003,0.0013956216061146542
320.6,0.0013915992950623277
320.8,0.001387588421370018
321.,0.0013835889423111567
321.2,0.0013796008153712262
321.40000000000003,0.0013756239982467794
321.6,0.0013716584488448489
321.8,0.0013677041252821414
322.,0.0013637609858844326
322.2,0.0013598289891857426
322.40000000000003,0.0013559080939275427
322.6,0.0013519982590581951
322.8,0.0013480994437321666
323.,0.0013442116073091573
323.2,0.0013403347093535107
323.40000000000003,0.0013364687096335383
323.6,0.0013326135681204962
323.8,0.0013287692449881175
324.,0.001324935700611687
324.2,0.0013211128955675536
324.40000000000003,0.0013173007906318555
324.6,0.001313499346780547
324.8,0.0013097085251878942
325.,0.0013059282872260763
325.2,0.0013021585944645914
325.40000000000003,0.0012983994086690634
325.6,0.0012946506918009382
325.8,0.0012909124060162865
326.,0.0012871845136654726
326.2,0.0012834669772920143
326.40000000000003,0.0012797597596321698
326.6,0.0012760628236138357
326.8,0.0012723761323559725
327.,0.00126869964916789
327.2,0.0012650333375484007
327.40000000000003,0.0012613771611848924
327.6,0.0012577310839528007
327.8,0.0012540950699148701
328.,0.0012504690833200368
328.2,0.0012468530886030756
328.40000000000003,0.0012432470503835164
328.6,0.0012396509334650207
328.8,0.0012360647028346015
329.,0.001232488323661786
329.2,0.0012289217612979249
329.40000000000003,0.0012253649812752569
329.6,0.0012218179493063172
329.8,0.0012182806312831577
330.,0.001214752993276297
330.2,0.0012112350015343475
330.40000000000003,0.0012077266224828544
330.6,0.001204227822723876
330.8,0.0012007385690348108
331.,0.001197258828367962
331.2,0.0011937885678495622
331.40000000000003,0.0011903277547791308
331.6,0.0011868763566285545
331.8,0.0011834343410413433
332.,0.0011800016758319097
332.2,0.0011765783289847962
332.40000000000003,0.0011731642686537438
332.6,0.0011697594631611742
332.8,0.0011663638809970619
333.,0.0011629774908185329
333.2,0.0011596002614487903
333.40000000000003,0.0011562321618764707
333.6,0.0011528731612548099
333.8,0.001149523228900972
334.,0.0011461823342951269
334.2,0.0011428504470797265
334.40000000000003,0.0011395275370587614
334.6,0.001136213574196926
334.8,0.0011329085286189264
335.,0.001129612370608561
335.2,0.0011263250706081349
335.40000000000003,0.0011230465992175108
335.6,0.001119776927193341
335.8,0.0011165160254485505
336.,0.0011132638650511533
336.2,0.00111002041722379
336.40000000000003,0.0011067856533428604
336.6,0.0011035595449377074
336.8,0.001100342063689868
337.,0.0010971331814324452
337.2,0.0010939328701490213
337.40000000000003,0.0010907411019732219
337.6,0.001087557849187737
337.8,0.0010843830842236892
338.,0.0010812167796596937
338.2,0.0010780589082212322
338.40000000000003,0.0010749094427799156
338.6,0.001071768356352578
338.8,0.0010686356221006148
339.,0.001065511213329266
339.2,0.0010623951034866939
339.40000000000003,0.0010592872661633827
339.6,0.0010561876750912616
339.8,0.0010530963041430637
340.,0.0010500131273314295
340.2,0.0010469381188083346
340.40000000000003,0.0010438712528641361
340.6,0.0010408125039269738
340.8,0.001037761846561941
341.,0.0010347192554704412
341.2,0.0010316847054890905
341.40000000000003,0.0010286581715895733
341.6,0.0010256396288773823
341.8,0.0010226290525911913
342.,0.0010196264181023783
342.2,0.001016631700913803
342.40000000000003,0.0010136448766595732
342.6,0.0010106659211039542
342.8,0.0010076948101407895
343.,0.0010047315197927343
343.2,0.0010017760262104687
343.40000000000003,0.0009988283056720248
343.6,0.000995888334582166
343.8,0.0009929560894712994
344.,0.000990031546995167
344.2,0.000987114683933866
344.40000000000003,0.000984205477191213
344.6,0.0009813039037940498
344.8,0.0009784099408913023
345.,0.0009755235657536731
345.2,0.0009726447557725022
345.40000000000003,0.000969773488459355
345.6,0.0009669097414451368
345.8,0.0009640534924794141
346.,0.0009612047194297548
346.2,0.0009583634002809319
346.40000000000003,0.0009555295131344415
346.6,0.0009527030362074197
346.8,0.0009498839478323253
347.,0.0009470722264559158
347.2,0.0009442678506388067
347.40000000000003,0.0009414707990546401
347.6,0.0009386810504894362
347.8,0.0009358985838408141
348.,0.0009331233781174135
348.2,0.0009303554124382039
348.40000000000003,0.0009275946660316822
348.6,0.0009248411182353233
348.8,0.0009220947484947342
349.,0.0009193555363631999
349.2,0.000916623461500814
349.40000000000003,0.0009138985036738576
349.6,0.0009111806427541881
349.8,0.0009084698587184133
350.,0.0009057661316474641
350.2,0.0009030694417257088
350.40000000000003,0.0009003797692403062
350.6,0.0008976970945807054
350.8,0.0008950213982378244
351.,0.0008923526608034311
351.2,0.0008896908629695276
351.40000000000003,0.0008870359855276807
351.6,0.000884388009368344
351.8,0.0008817469154802314
352.,0.0008791126849495911
352.2,0.0008764852989597209
352.40000000000003,0.0008738647387901713
352.6,0.0008712509858162189
352.8,0.0008686440215081105
353.,0.0008660438274305555
353.2,0.0008634503852419722
353.40000000000003,0.0008608636766938805
353.6,0.0008582836836304124
353.8,0.0008557103879875318
354.,0.0008531437717923375
354.2,0.0008505838171627706
354.40000000000003,0.0008480305063065947
354.6,0.0008454838215210217
354.8,0.0008429437451920538
355.,0.000840410259793893
355.2,0.0008378833478882046
355.40000000000003,0.0008353629921236279
355.6,0.0008328491752351969
355.8,0.0008303418800436604
356.,0.0008278410894547628
356.2,0.0008253467864590299
356.40000000000003,0.0008228589541307308
356.6,0.0008203775756275608
356.8,0.0008179026341899923
357.,0.0008154341131406151
357.2,0.0008129719958836392
357.40000000000003,0.0008105162659042083
357.6,0.0008080669067679978
357.8,0.0008056239021204271
358.,0.0008031872356862157
358.2,0.0008007568912687868
358.40000000000003,0.000798332852749627
358.6,0.0007959151040878799
358.8,0.000793503629319543
359.,0.0007910984125571534
359.2,0.0007886994379890261
359.40000000000003,0.0007863066898788762
359.6,0.0007839201525650326
359.8,0.0007815398104601476
360.,0.0007791656480504582
360.2,0.0007767976498952865
360.40000000000003,0.0007744358006265379
360.6,0.0007720800849480996
360.8,0.0007697304876353804
361.,0.0007673869935346349
361.2,0.0007650495875626006
361.40000000000003,0.0007627182547057964
361.6,0.0007603929800201685
361.8,0.0007580737486303621
362.,0.0007557605457294305
362.2,0.0007534533565780449
362.40000000000003,0.0007511521665042034
362.6,0.000748856960902612
362.8,0.0007465677252342102
363.,0.0007442844450255769
363.2,0.0007420071058685058
363.40000000000003,0.0007397356934194621
363.6,0.0007374701933991151
363.8,0.0007352105915917431
364.,0.0007329568738449451
364.2,0.000730709026068793
364.40000000000003,0.0007284670342357284
364.6,0.0007262308843797837
364.8,0.0007240005625961962
365.,0.0007217760550410012
365.2,0.000719557347930361
365.40000000000003,0.0007173444275403275
365.6,0.0007151372802061065
365.8,0.0007129358923217765
366.,0.0007107402503397436
366.2,0.0007085503407702498
366.40000000000003,0.0007063661501808874
366.6,0.0007041876651963273
366.8,0.0007020148724975164
367.,0.0006998477588215258
367.2,0.0006976863109609708
367.40000000000003,0.0006955305157634506
367.6,0.0006933803601313635
367.8,0.0006912358310211422
368.,0.0006890969154431529
368.2,0.0006869636004608324
368.40000000000003,0.0006848358731906762
368.6,0.0006827137208014549
368.8,0.0006805971305140038
369.,0.0006784860896006698
369.2,0.00067638058538497
369.40000000000003,0.0006742806052410038
369.6,0.0006721861365932566
369.8,0.000670097166915949
370.,0.0006680136837328013
370.2,0.0006659356746164352
370.40000000000003,0.0006638631271881628
370.6,0.0006617960291173868
370.8,0.000659734368121258
371.,0.0006576781319643451
371.2,0.000655627308458126
371.40000000000003,0.0006535818854606087
371.6,0.0006515418508759368
371.8,0.0006495071926540291
372.,0.0006474778987900815
372.2,0.0006454539573243325
372.40000000000003,0.000643435356341505
372.6,0.0006414220839705161
372.8,0.0006394141283841191
373.,0.000637411477798398
373.2,0.000635414120472503
373.40000000000003,0.0006334220447082433
373.6,0.0006314352388496086
373.8,0.0006294536912826082
374.,0.0006274773904347104
374.2,0.0006255063247745272
374.40000000000003,0.0006235404828115303
374.6,0.0006215798530955097
374.8,0.0006196244242164696
375.,0.0006176741848040349
375.2,0.0006157291235271399
375.40000000000003,0.0006137892290938495
375.6,0.0006118544902507579
375.8,0.0006099248957828178
376.,0.0006080004345129621
376.2,0.0006060810953016603
376.40000000000003,0.0006041668670467065
376.6,0.0006022577386828482
376.8,0.0006003536991813682
377.,0.0005984547375498534
377.2,0.0005965608428318177
377.40000000000003,0.0005946720041063747
377.6,0.0005927882104878486
377.8,0.0005909094511256517
378.,0.0005890357152037361
378.2,0.0005871669919403283
378.40000000000003,0.0005853032705877171
378.6,0.0005834445404318314
378.8,0.0005815907907920088
379.,0.0005797420110206026
379.2,0.0005778981905026748
379.40000000000003,0.0005760593186558531
379.6,0.0005742253849297644
379.8,0.0005723963788059498
380.,0.00057057228979749
380.2,0.0005687531074486435
380.40000000000003,0.0005669388213347408
380.6,0.0005651294210616188
380.8,0.0005633248962656303
381.,0.0005615252366130633
381.2,0.0005597304318001622
381.40000000000003,0.0005579404715525172
381.6,0.0005561553456250849
381.8,0.0005543750438017394
382.,0.0005525995558949702
382.2,0.0005508288717457568
382.40000000000003,0.0005490629812232072
382.6,0.0005473018742242194
382.8,0.0005455455406733888
383.,0.0005437939705226187
383.2,0.000542047153750818
383.40000000000003,0.0005403050803637398
383.6,0.0005385677403937743
383.8,0.0005368351238995103
384.,0.0005351072209655995
384.2,0.0005333840217025391
384.40000000000003,0.0005316655162462968
384.6,0.0005299516947582162
384.8,0.0005282425474246045
385.,0.0005265380644566344
385.2,0.0005248382360900732
385.40000000000003,0.0005231430525849321
385.6,0.0005214525042253826
385.8,0.0005197665813194355
386.,0.0005180852741986995
386.2,0.0005164085732182267
386.40000000000003,0.0005147364687561705
386.6,0.0005130689512137769
386.8,0.0005114060110147818
387.,0.0005097476386055671
387.2,0.0005080938244547686
387.40000000000003,0.0005064445590530361
387.6,0.0005047998329129125
387.8,0.0005031596365685021
388.,0.0005015239605754248
388.2,0.0004998927955104039
388.40000000000003,0.0004982661319711809
388.6,0.0004966439605763253
388.8,0.0004950262719649594
389.,0.0004934130567966024
389.2,0.0004918043057509588
389.40000000000003,0.0004902000095277176
389.6,0.0004886001588463096
389.8,0.00048700474444590496
390.,0.00048541375708486856
390.2,0.0004838271875409407
390.40000000000003,0.00048224502661079556
390.6,0.00048066726511002567
390.8,0.0004790938938727959
391.,0.000477524903751768
391.2,0.000475960285617887
391.40000000000003,0.0004744000303602158
391.6,0.00047284412888579357
391.8,0.00047129257211930755
392.,0.0004697453510031024
392.2,0.0004682024564969104
392.40000000000003,0.000466663879577747
392.6,0.00046512961123962234
392.8,0.0004635996424935143
393.,0.0004620739643671207
393.2,0.00046055256790468994
393.40000000000003,0.00045903544416694313
393.6,0.0004575225842307992
393.8,0.0004560139791893156
394.,0.00045450962015150634
394.2,0.0004530094982421141
394.40000000000003,0.0004515136046015615
394.6,0.0004500219303857629
394.8,0.00044853446676594886
395.,0.0004470512049285446
395.2,0.0004455721360750253
395.40000000000003,0.0004440972514217826
395.6,0.0004426265421999234
395.8,0.0004411599996552106
396.,0.00043969761504785354
396.2,0.00043823937965245703
396.40000000000003,0.00043678528475773445
396.6,0.0004353353216665762
396.8,0.00043388948169577243
397.,0.0004324477561758478
397.2,0.0004310101364511517
397.40000000000003,0.0004295766138794647
397.6,0.00042814717983203233
397.8,0.00042672182569341877
398.,0.0004253005428613303
398.2,0.0004238833227465645
398.40000000000003,0.00042247015677280913
398.6,0.00042106103637662786
398.8,0.00041965595300721373
399.,0.0004182548981264303
399.2,0.0004168578632085492
399.40000000000003,0.00041546483974022185
399.6,0.0004140758192203344
399.8,0.0004126907931599678
400.,0.0004113097530821554
