0.2,3.8370809952724634e-13
0.4,1.9531465851794862e-12
0.6000000000000001,5.431996127132956e-12
0.8,1.1660961202411586e-11
1.,2.1584391840618135e-11
1.2,3.623770285379039e-11
1.4000000000000001,5.673555478536947e-11
1.6,8.426076214131467e-11
1.8,1.2005389575348267e-10
2.,1.6540354737242957e-10
2.2,2.2163722579471027e-10
2.4000000000000004,2.901128549994556e-10
2.6000000000000005,3.722108459014221e-10
2.8000000000000003,4.693267144237182e-10
3.0000000000000004,5.828642196539507e-10
3.2,7.142289968734345e-10
3.4000000000000004,8.648226612413371e-10
3.6000000000000005,1.0360373588749513e-9
3.8000000000000003,1.2292507429946764e-9
4.,1.4458213536985002e-9
4.2,1.6870843807966903e-9
4.4,1.9543477899738767e-9
4.6000000000000005,2.248888793353454e-9
4.800000000000001,2.5719506463192036e-9
5.000000000000001,2.924739753201817e-9
5.2,3.3084230651645952e-9
5.4,3.7241257543235754e-9
5.6000000000000005,4.172929148813446e-9
5.800000000000001,4.655868914162827e-9
6.000000000000001,5.173933466971144e-9
6.2,5.728062607485406e-9
6.4,6.319146358259299e-9
6.6000000000000005,6.948023996639753e-9
6.800000000000001,7.615483269368247e-9
7.000000000000001,8.32225977810624e-9
7.2,9.069036525196699e-9
7.4,9.856443609457712e-9
7.6000000000000005,1.0685058062269731e-8
7.800000000000001,1.155540381466623e-8
8.,1.2467951786568364e-8
8.2,1.3423120089719075e-8
8.4,1.4421274336270186e-8
8.6,1.5462728045359683e-8
8.799999999999999,1.6547743140384145e-8
9.,1.7676530530025228e-8
9.2,1.8849250766428904e-8
9.4,2.0066014774262587e-8
9.6,2.13268846446881e-8
9.8,2.2631874488590048e-8
10.,2.398095134368648e-8
10.2,2.537403613042701e-8
10.4,2.681100465184761e-8
10.6,2.8291688632806932e-8
10.8,2.981587679427265e-8
11.,3.1383315958559904e-8
11.2,3.299371218164846e-8
11.4,3.464673190891942e-8
11.6,3.6342003150857765e-8
11.8,3.80791166754639e-8
12.,3.985762721430521e-8
12.2,4.1677054679319035e-8
12.4,4.353688538765013e-8
12.6,4.5436573291970455e-8
12.8,4.737554121388695e-8
13.,4.935318207819177e-8
13.2,5.136886014585479e-8
13.4,5.342191224379331e-8
13.6,5.5511648989586165e-8
13.8,5.7637356009423185e-8
14.,5.979829514769988e-8
14.2,6.199370566678156e-8
14.4,6.422280543556729e-8
14.6,6.648479210558885e-8
14.8,6.877884427347668e-8
15.,7.11041226287176e-8
15.2,7.345977108571925e-8
15.4,7.584491789927865e-8
15.6,7.825867676263313e-8
15.8,8.070014788734852e-8
16.,8.316841906436996e-8
16.2,8.566256670563082e-8
16.4,8.81816568656789e-8
16.6,9.072474624284127e-8
16.8,9.329088315950616e-8
17.,9.587910852115799e-8
17.2,9.848845675384904e-8
17.4,1.0111795671984597e-7
17.6,1.0376663261123141e-7
17.8,1.0643350482128639e-7
18.,1.0911759079352125e-7
18.2,1.1181790584826035e-7
18.4,1.1453346398672241e-7
18.6,1.172632786725733e-7
18.8,1.2000636359096138e-7
19.,1.227617333850715e-7
19.2,1.255284043702687e-7
19.400000000000002,1.2830539522592183e-7
19.6,1.3109172766502765e-7
19.8,1.3388642708177645e-7
20.,1.3668852317722198e-7
20.2,1.3949705056323762e-7
20.400000000000002,1.423110493449617e-7
20.6,1.4512956568194852e-7
20.8,1.4795165232826059e-7
21.,1.5077636915174943e-7
21.2,1.5360278360570588e-7
21.400000000000002,1.564299700561976e-7
21.6,1.5925700831018348e-7
21.8,1.6208298585203333e-7
22.,1.6490699925015475e-7
22.2,1.6772815456712065e-7
22.400000000000002,1.705455677420168e-7
22.6,1.733583649545562e-7
22.8,1.7616568297128127e-7
23.,1.7896666947418583e-7
23.2,1.81760483372088e-7
23.400000000000002,1.8454629509509287e-7
23.6,1.8732328687248403e-7
23.8,1.9009065299438678e-7
24.,1.9284760005754897e-7
24.2,1.9559334719558423e-7
24.400000000000002,1.9832712629402529e-7
24.6,2.010481821905347e-7
24.8,2.0375577286062185e-7
25.,2.0644916958921116e-7
25.2,2.0912765712841013e-7
25.400000000000002,2.1179053384182136e-7
25.6,2.144371118357418e-7
25.8,2.1706671707759375e-7
26.,2.1967868950192502e-7
26.2,2.2227238310431534e-7
26.400000000000002,2.2484716602352845e-7
26.6,2.27402420612234e-7
26.8,2.2993754349663883e-7
27.,2.324519456253414e-7
27.2,2.3494505230774144e-7
27.400000000000002,2.374163032423175e-7
27.6,2.3986515253509e-7
27.8,2.4229106870857757e-7
28.,2.4469353470155664e-7
28.2,2.4707204785992465e-7
28.400000000000002,2.4942611991896445e-7
28.6,2.5175527697730454e-7
28.8,2.5405905946286493e-7
29.,2.563370220910702e-7
29.2,2.585887338156125e-7
29.400000000000002,2.608137777720393e-7
29.6,2.6301175121443255e-7
29.8,2.6518226544545077e-7
30.,2.6732494573998993e-7
30.2,2.694394312627183e-7
30.400000000000002,2.715253749797443e-7
30.6,2.735824435646493e-7
30.8,2.7561031729914006e-7
31.,2.776086899685506e-7
31.2,2.795772687524209e-7
31.400000000000002,2.8151577411039043e-7
31.6,2.83423939663613e-7
31.8,2.8530151207192233e-7
32.,2.871482509069533e-7
32.2,2.889639285214261e-7
32.400000000000006,2.9074832991479707e-7
32.6,2.925012525954737e-7
32.800000000000004,2.942225064397856e-7
33.00000000000001,2.9591191354789586e-7
33.2,2.975693080968457e-7
33.400000000000006,2.991945361908973e-7
33.6,3.0078745570936295e-7
33.800000000000004,3.0234793615208014e-7
34.00000000000001,3.038758584827002e-7
34.2,3.0537111496995384e-7
34.400000000000006,3.068336090270497e-7
34.6,3.082632550493499e-7
34.800000000000004,3.096599782504861e-7
35.00000000000001,3.110237144970419e-7
35.2,3.12354410141956e-7
35.400000000000006,3.136520218567711e-7
35.6,3.1491651646286775e-7
35.800000000000004,3.161478707618025e-7
36.00000000000001,3.173460713648846e-7
36.2,3.185111145221003e-7
36.400000000000006,3.1964300595050746e-7
36.6,3.2074176066221145e-7
36.800000000000004,3.21807402792031e-7
37.00000000000001,3.2283996542495773e-7
37.2,3.2383949042351263e-7
37.400000000000006,3.248060282551006e-7
37.6,3.2573963781944965e-7
37.800000000000004,3.2664038627623734e-7
38.00000000000001,3.27508348872983e-7
38.2,3.283436087732981e-7
38.400000000000006,3.2914625688557245e-7
38.60000000000001,3.299163916921785e-7
38.800000000000004,3.306541190792666e-7
39.00000000000001,3.3135955216722795e-7
39.2,3.3203281114189323e-7
39.400000000000006,3.3267402308653184e-7
39.60000000000001,3.3328332181472786e-7
39.800000000000004,3.3386084770417645e-7
40.00000000000001,3.3440674753147976e-7
40.2,3.3492117430798225e-7
40.400000000000006,3.3540428711671504e-7
40.60000000000001,3.35856250950488e-7
40.800000000000004,3.362772365511872e-7
41.00000000000001,3.3666742025032626e-7
41.2,3.370269838108873e-7
41.400000000000006,3.373561142705066e-7
41.60000000000001,3.37655003786034e-7
41.800000000000004,3.3792384947951677e-7
42.00000000000001,3.381628532856296e-7
42.2,3.383722218006019e-7
42.400000000000006,3.3855216613266097e-7
42.60000000000001,3.3870290175402923e-7
42.800000000000004,3.388246483545032e-7
43.00000000000001,3.3891762969663864e-7
43.2,3.3898207347257285e-7
43.400000000000006,3.3901821116249877e-7
43.60000000000001,3.390262778948236e-7
43.800000000000004,3.390065123080219e-7
44.00000000000001,3.3895915641421067e-7
44.2,3.388844554644578e-7
44.400000000000006,3.3878265781584225e-7
44.60000000000001,3.3865401480027835e-7
44.800000000000004,3.3849878059512444e-7
45.00000000000001,3.383172120955721e-7
45.2,3.381095687888446e-7
45.400000000000006,3.3787611263020165e-7
45.60000000000001,3.3761710792076146e-7
45.800000000000004,3.3733282118714625e-7
46.00000000000001,3.3702352106296033e-7
46.2,3.3668947817209914e-7
46.400000000000006,3.363309650138986e-7
46.60000000000001,3.359482558501198e-7
46.800000000000004,3.3554162659378176e-7
47.00000000000001,3.3511135469982844e-7
47.2,3.3465771905764085e-7
47.400000000000006,3.341809998853865e-7
47.60000000000001,3.336814786262063e-7
47.800000000000004,3.3315943784623544e-7
48.00000000000001,3.3261516113445244e-7
48.2,3.3204893300435545e-7
48.400000000000006,3.314610387974547e-7
48.60000000000001,3.308517645885806e-7
48.800000000000004,3.302213970929945e-7
49.00000000000001,3.295702235753018e-7
49.2,3.288985317601511e-7
49.400000000000006,3.282066097447175e-7
49.60000000000001,3.27494745912954e-7
49.800000000000004,3.2676322885160847e-7
50.00000000000001,3.2601234726798787e-7
50.2,3.252423899094626e-7
50.400000000000006,3.244536454847046e-7
50.60000000000001,3.236464025866299e-7
50.800000000000004,3.228209496170573e-7
51.00000000000001,3.2197757471304966e-7
51.2,3.211165656749333e-7
51.400000000000006,3.202382098959852e-7
51.60000000000001,3.19342794293763e-7
51.800000000000004,3.184306052430766e-7
52.00000000000001,3.175019285105708e-7
52.2,3.1655704919092574e-7
52.400000000000006,3.1559625164463363e-7
52.60000000000001,3.1461981943735744e-7
52.800000000000004,3.136280352808454e-7
53.00000000000001,3.1262118097538644e-7
53.2,3.115995373537906e-7
53.400000000000006,3.105633842268822e-7
53.60000000000001,3.095130003304791e-7
53.800000000000004,3.0844866327384957e-7
54.00000000000001,3.073706494896303e-7
54.2,3.062792341851771e-7
54.400000000000006,3.0517469129534646e-7
54.60000000000001,3.0405729343667726e-7
54.800000000000004,3.02927311862964e-7
55.00000000000001,3.0178501642219783e-7
55.2,3.006306755148585e-7
55.400000000000006,2.994645560535436e-7
55.60000000000001,2.982869234239118e-7
55.800000000000004,2.9709804144692573e-7
56.00000000000001,2.95898172342372e-7
56.2,2.9468757669364713e-7
56.400000000000006,2.9346651341378094e-7
56.60000000000001,2.922352397126932e-7
56.800000000000004,2.909940110656518e-7
57.00000000000001,2.897430811829187e-7
57.2,2.884827019805718e-7
57.400000000000006,2.872131235524782e-7
57.60000000000001,2.8593459414339644e-7
57.800000000000004,2.846473601232014e-7
58.00000000000001,2.8335166596220387e-7
58.2,2.820477542075519e-7
58.400000000000006,2.807358654606934e-7
58.60000000000001,2.7941623835588307e-7
58.800000000000004,2.780891095397156e-7
59.00000000000001,2.76754713651666e-7
59.2,2.754132833056273e-7
59.400000000000006,2.7406504907240915e-7
59.60000000000001,2.727102394632064e-7
59.800000000000004,2.7134908091399413e-7
60.00000000000001,2.699817977708504e-7
60.2,2.686086122761813e-7
60.400000000000006,2.6722974455582986e-7
60.60000000000001,2.6584541260705866e-7
60.800000000000004,2.6445583228738213e-7
61.00000000000001,2.6306121730423454e-7
61.2,2.616617792054629e-7
61.400000000000006,2.6025772737060946e-7
61.60000000000001,2.5884926900299756e-7
61.800000000000004,2.574366091225735e-7
62.00000000000001,2.560199505595121e-7
62.2,2.5459949394855157e-7
62.400000000000006,2.5317543772405865e-7
62.60000000000001,2.5174797811579495e-7
62.800000000000004,2.503173091453757e-7
63.00000000000001,2.488836226234055e-7
63.2,2.4744710814727134e-7
63.400000000000006,2.4600795309958546e-7
63.60000000000001,2.445663426472535e-7
63.800000000000004,2.4312245974116e-7
64.,2.416764851164581e-7
64.2,2.4022859729344135e-7
64.4,2.3877897257899186e-7
64.60000000000001,2.3732778506858066e-7
64.80000000000001,2.3587520664881744e-7
65.,2.3442140700053466e-7
65.2,2.329665536023732e-7
65.4,2.3151081173489102e-7
65.60000000000001,2.3005434448514787e-7
65.80000000000001,2.285973127517714e-7
66.,2.2713987525048972e-7
66.2,2.2568218852011184e-7
66.4,2.2422440692894752e-7
66.60000000000001,2.2276668268165785e-7
66.80000000000001,2.2130916582651344e-7
67.,2.1985200426305565e-7
67.2,2.1839534375015487e-7
67.4,2.169393279144378e-7
67.60000000000001,2.1548409825908963e-7
67.80000000000001,2.140297941730021e-7
68.,2.1257655294027817e-7
68.2,2.1112450975005996e-7
68.4,2.0967379770668155e-7
68.60000000000001,2.0822454784013415e-7
68.80000000000001,2.0677688911683588e-7
69.,2.0533094845068288e-7
69.2,2.0388685071438702e-7
69.4,2.0244471875108849e-7
69.60000000000001,2.0100467338621693e-7
69.80000000000001,1.9956683343961405e-7
70.,1.981313157378936e-7
70.2,1.9669823512702883e-7
70.4,1.952677044851711e-7
70.60000000000001,1.9383983473567617e-7
70.80000000000001,1.9241473486033465e-7
71.,1.9099251191280076e-7
71.2,1.895732710322138e-7
71.4,1.8815711545697886e-7
71.60000000000001,1.8674414653874842e-7
71.80000000000001,1.8533446375653422e-7
72.,1.8392816473100017e-7
72.2,1.8252534523888516e-7
72.4,1.8112609922757241e-7
72.60000000000001,1.797305188297876e-7
72.80000000000001,1.7833869437842184e-7
73.,1.7695071442147491e-7
73.2,1.7556666573709781e-7
73.4,1.7418663334875302e-7
73.60000000000001,1.7281070054046043e-7
73.80000000000001,1.7143894887213464e-7
74.,1.70071458195009e-7
74.2,1.6870830666712818e-7
74.4,1.673495707689231e-7
74.60000000000001,1.6599532531884105e-7
74.80000000000001,1.6464564348903416e-7
75.,1.6330059682110498e-7
75.2,1.6196025524189818e-7
75.4,1.6062468707932842e-7
75.60000000000001,1.5929395907825053e-7
75.80000000000001,1.5796813641635782e-7
76.,1.5664728272009996e-7
76.2,1.5533146008063566e-7
76.4,1.5402072906978106e-7
76.60000000000001,1.5271514875598652e-7
76.80000000000001,1.514147767203073e-7
77.00000000000001,1.5011966907238414e-7
77.2,1.4882988046640914e-7
77.4,1.47545464117101e-7
77.60000000000001,1.462664718156472e-7
77.80000000000001,1.4499295394565204e-7
78.00000000000001,1.4372495949904816e-7
78.2,1.424625360919922e-7
78.4,1.4120572998073093e-7
78.60000000000001,1.3995458607743199e-7
78.80000000000001,1.387091479659924e-7
79.00000000000001,1.3746945791779192e-7
79.2,1.3623555690741417e-7
79.4,1.3500748462832464e-7
79.60000000000001,1.3378527950849072e-7
79.80000000000001,1.3256897872596174e-7
80.00000000000001,1.313586182243829e-7
80.2,1.3015423272846626e-7
80.4,1.2895585575938403e-7
80.60000000000001,1.2776351965011677e-7
80.80000000000001,1.2657725556071967e-7
81.00000000000001,1.2539709349353477e-7
81.2,1.2422306230832253e-7
81.4,1.2305518973732536e-7
81.60000000000001,1.2189350240025802e-7
81.80000000000001,1.2073802581921225e-7
82.00000000000001,1.195887844334911e-7
82.2,1.1844580161435226e-7
82.4,1.1730909967968147e-7
82.60000000000001,1.1617869990856408e-7
82.80000000000001,1.1505462255578278e-7
83.00000000000001,1.1393688686621544e-7
83.2,1.1282551108915155e-7
83.4,1.1172051249250768e-7
83.60000000000001,1.1062190737695844e-7
83.80000000000001,1.0952971108996275e-7
84.00000000000001,1.0844393803969917e-7
84.2,1.0736460170889886e-7
84.4,1.0629171466858194e-7
84.60000000000001,1.0522528859169638e-7
84.80000000000001,1.0416533426664483e-7
85.00000000000001,1.0311186161071822e-7
85.2,1.0206487968342331e-7
85.4,1.0102439669969813e-7
85.60000000000001,9.999042004302993e-8
85.80000000000001,9.896295627847022e-8
86.00000000000001,9.794201116551994e-8
86.2,9.692758967093808e-8
86.4,9.591969598141256e-8
86.60000000000001,9.491833351614315e-8
86.80000000000001,9.392350493929346e-8
87.00000000000001,9.293521217235385e-8
87.2,9.195345640637535e-8
87.4,9.097823811410013e-8
87.60000000000001,9.00095570619761e-8
87.80000000000001,8.904741232206255e-8
88.00000000000001,8.809180228381966e-8
88.2,8.714272466578434e-8
88.4,8.620017652713601e-8
88.60000000000001,8.526415427914187e-8
88.80000000000001,8.43346536964975e-8
89.00000000000001,8.341166992854221e-8
89.2,8.249519751037126e-8
89.4,8.158523037382387e-8
89.60000000000001,8.068176185836557e-8
89.80000000000001,7.978478472184913e-8
90.00000000000001,7.889429115116215e-8
90.2,7.801027277276883e-8
90.4,7.713272066312327e-8
90.60000000000001,7.626162535898203e-8
90.80000000000001,7.539697686759328e-8
91.00000000000001,7.453876467678128e-8
91.2,7.368697776490195e-8
91.4,7.284160461070944e-8
91.60000000000001,7.200263320308464e-8
91.80000000000001,7.117005105066673e-8
92.00000000000001,7.034384519136791e-8
92.2,6.952400220177609e-8
92.4,6.871050820644133e-8
92.60000000000001,6.790334888706522e-8
92.80000000000001,6.71025094915608e-8
93.00000000000001,6.630797484301441e-8
93.2,6.551972934853708e-8
93.4,6.473775700799889e-8
93.60000000000001,6.396204142266313e-8
93.80000000000001,6.319256580370865e-8
94.00000000000001,6.242931298063621e-8
94.2,6.167226540958869e-8
94.4,6.092140518154025e-8
94.60000000000001,6.017671403039214e-8
94.80000000000001,5.943817334096096e-8
95.00000000000001,5.8705764156867697e-8
95.2,5.797946718830643e-8
95.4,5.725926281972942e-8
95.60000000000001,5.654513111740832e-8
95.80000000000001,5.583705183691806e-8
96.00000000000001,5.513500443048996e-8
96.2,5.4438968054285897e-8
96.4,5.374892157556862e-8
96.60000000000001,5.306484357976282e-8
96.80000000000001,5.238671237742092e-8
97.00000000000001,5.1714506011104044e-8
97.2,5.1048202262142364e-8
97.4,5.038777865731782e-8
97.60000000000001,4.97332124754442e-8
97.80000000000001,4.908448075385066e-8
98.00000000000001,4.844156029476929e-8
98.2,4.780442767163718e-8
98.4,4.717305923529915e-8
98.60000000000001,4.6547431120116804e-8
98.80000000000001,4.592751924999328e-8
99.00000000000001,4.5313299344303543e-8
99.2,4.470474692373174e-8
99.4,4.4101837316025965e-8
99.60000000000001,4.350454566166482e-8
99.80000000000001,4.2912846919426463e-8
100.00000000000001,4.2326715871892614e-8
100.2,4.1746127130838333e-8
100.4,4.117105514256444e-8
100.60000000000001,4.060147419312883e-8
100.80000000000001,4.0037358413497945e-8
101.00000000000001,3.947868178462846e-8
101.2,3.8925418142444486e-8
101.4,3.83775411827549e-8
101.60000000000001,3.7835024466080755e-8
101.80000000000001,3.7297841422408025e-8
102.00000000000001,3.676596535586015e-8
102.2,3.6239369449293155e-8
102.4,3.5718026768817995e-8
102.60000000000001,3.520191026823784e-8
102.80000000000001,3.469099279342853e-8
103.00000000000001,3.4185247086624485e-8
103.2,3.368464579064388e-8
103.4,3.318916145304685e-8
103.60000000000001,3.269876653020364e-8
103.80000000000001,3.2213433391310806e-8
104.00000000000001,3.173313432232344e-8
104.2,3.125784152984011e-8
104.4,3.0787527144883056e-8
104.60000000000001,3.032216322665912e-8
104.80000000000001,2.9861721766205e-8
105.00000000000001,2.940617469000442e-8
105.2,2.895549386352573e-8
105.4,2.850965109468943e-8
105.60000000000001,2.8068618137287727e-8
105.80000000000001,2.7632366694330843e-8
106.00000000000001,2.7200868421332966e-8
106.2,2.6774094929541013e-8
106.4,2.6352017789102252e-8
106.60000000000001,2.593460853216972e-8
106.80000000000001,2.552183865595495e-8
107.00000000000001,2.511367962571847e-8
107.2,2.471010287770677e-8
107.4,2.43110798220246e-8
107.60000000000001,2.3916581845468776e-8
107.80000000000001,2.352658031428954e-8
108.00000000000001,2.314104657691429e-8
108.2,2.275995196660016e-8
108.4,2.2383267804047903e-8
108.60000000000001,2.201096539996876e-8
108.80000000000001,2.164301605757928e-8
109.00000000000001,2.1279391075066962e-8
109.2,2.092006174800106e-8
109.4,2.0564999371683363e-8
109.60000000000001,2.0214175243466675e-8
109.80000000000001,1.9867560665020848e-8
110.00000000000001,1.9525126944544715e-8
110.2,1.9186845398944377e-8
110.4,1.8852687355957645e-8
110.60000000000001,1.8522624156235564e-8
110.80000000000001,1.819662715538595e-8
111.00000000000001,1.7874667725964744e-8
111.2,1.755671725942893e-8
111.4,1.724274716805218e-8
111.60000000000001,1.693272888679663e-8
111.80000000000001,1.6626633875132087e-8
112.00000000000001,1.6324433618841907e-8
112.2,1.6026099631760793e-8
112.4,1.5731603457492653e-8
112.60000000000001,1.544091667108601e-8
112.80000000000001,1.515401088066939e-8
113.00000000000001,1.4870857729049833e-8
113.2,1.4591428895282383e-8
113.4,1.4315696096193495e-8
113.60000000000001,1.4043631087876192e-8
113.80000000000001,1.3775205667150815e-8
114.00000000000001,1.3510391672991296e-8
114.2,1.3249160987913045e-8
114.4,1.2991485539334946e-8
114.60000000000001,1.2737337300914053e-8
114.80000000000001,1.2486688293824562e-8
115.00000000000001,1.223951058804261e-8
115.2,1.1995776303569748e-8
115.4,1.1755457611636074e-8
115.60000000000001,1.1518526735882076e-8
115.80000000000001,1.1284955953504352e-8
116.00000000000001,1.1054717596364106e-8
116.2,1.0827784052095653e-8
116.4,1.0604127765149067e-8
116.60000000000001,1.0383721237841868e-8
116.80000000000001,1.0166537031361496e-8
117.00000000000001,9.952547766749854e-9
117.2,9.741726125861503e-9
117.4,9.534044852300516e-9
117.60000000000001,9.32947675232551e-9
117.80000000000001,9.127994695739754e-9
118.00000000000001,8.92957161674628e-9
118.2,8.734180514790481e-9
118.4,8.541794455377732e-9
118.60000000000001,8.35238657086319e-9
118.80000000000001,8.165930061224246e-9
119.00000000000001,7.98239819481214e-9
119.2,7.801764309084318e-9
119.4,7.624001811311195e-9
119.60000000000001,7.449084179257903e-9
119.80000000000001,7.276984961868408e-9
120.00000000000001,7.10767777990247e-9
120.2,6.941136326571756e-9
120.4,6.7773343681528234e-9
120.60000000000001,6.616245744587025e-9
120.80000000000001,6.457844370039421e-9
121.00000000000001,6.302104233477761e-9
121.2,6.148999399200953e-9
121.4,5.998504007371172e-9
121.60000000000001,5.8505922745202965e-9
121.80000000000001,5.705238494046373e-9
122.00000000000001,5.562417036684151e-9
122.2,5.422102350972065e-9
122.4,5.284268963699876e-9
122.60000000000001,5.1488914803341785e-9
122.80000000000001,5.015944585445922e-9
123.00000000000001,4.885403043104494e-9
123.2,4.757241697280074e-9
123.4,4.631435472206263e-9
123.60000000000001,4.507959372750884e-9
123.80000000000001,4.386788484767026e-9
124.00000000000001,4.267897975431151e-9
124.2,4.151263093565599e-9
124.4,4.036859169955915e-9
124.60000000000001,3.924661617652978e-9
124.80000000000001,3.8146459322596495e-9
125.00000000000001,3.706787692213782e-9
125.2,3.601062559057195e-9
125.4,3.497446277691757e-9
125.60000000000001,3.395914676627735e-9
125.80000000000001,3.296443668223747e-9
126.00000000000001,3.1990092489036886e-9
126.2,3.103587499392939e-9
126.4,3.0101545849093307e-9
126.60000000000001,2.918686755371041e-9
126.80000000000001,2.8291603455845367e-9
127.00000000000001,2.7415517754257847e-9
127.2,2.6558375500142526e-9
127.4,2.571994259875422e-9
127.60000000000001,2.4899985811021683e-9
127.80000000000001,2.4098272754971894e-9
128.,2.331457190711906e-9
128.2,2.2548652603887758e-9
128.4,2.180028504280567e-9
128.6,2.1069240283724936e-9
128.79999999999998,2.0355290249872072e-9
129.,1.965820772900428e-9
129.2,1.897776637429824e-9
129.4,1.831374070534671e-9
129.6,1.7665906108930275e-9
129.79999999999998,1.7034038839901702e-9
130.,1.6417916021912675e-9
130.2,1.5817315647954967e-9
130.4,1.5232016581223592e-9
130.6,1.466179855549866e-9
130.79999999999998,1.4106442175761e-9
131.,1.356572891853825e-9
131.2,1.303944113250638e-9
131.4,1.2527362038716281e-9
131.6,1.2029275730931023e-9
131.79999999999998,1.1544967175956595e-9
132.,1.1074222213839586e-9
132.2,1.0616827558006748e-9
132.4,1.0172570795495312e-9
132.6,9.741240387041735e-10
132.79999999999998,9.322625667067232e-10
133.,8.916516843805888e-10
133.2,8.522704999236249e-10
133.4,8.140982089051114e-10
133.6,7.771140942534245e-10
133.79999999999998,7.412975262571459e-10
134.,7.066279625338705e-10
134.2,6.730849480202475e-10
134.4,6.406481149553958e-10
134.6,6.092971828496922e-10
134.79999999999998,5.790119584580415e-10
135.,5.497723357544346e-10
135.2,5.215582958966885e-10
135.4,4.943499071914509e-10
135.6,4.681273250614073e-10
135.79999999999998,4.4287079199405157e-10
136.,4.185606375084467e-10
136.2,3.951772781102629e-10
136.4,3.727012172399693e-10
136.6,3.5111304522699414e-10
136.79999999999998,3.303934392397379e-10
137.,3.105231632299974e-10
137.2,2.914830678731215e-10
137.4,2.73254090521486e-10
137.6,2.558172551368586e-10
137.79999999999998,2.3915367223709054e-10
138.,2.2324453882707475e-10
138.2,2.0807113833742009e-10
138.4,1.936148405561049e-10
138.6,1.7985710156835e-10
138.79999999999998,1.66779463683441e-10
139.,1.543635553634736e-10
139.2,1.425910911540916e-10
139.4,1.3144387161196298e-10
139.6,1.209037832263636e-10
139.79999999999998,1.1095279835577682e-10
140.,1.0157297513397239e-10
140.2,9.274645741040728e-11
140.4,8.445547465691039e-11
140.6,7.668234189752166e-11
140.79999999999998,6.940945961729993e-11
141.,6.261931370141329e-11
141.2,5.6294475319255345e-11
141.4,5.041760087623171e-11
141.6,4.497143190088306e-11
141.79999999999998,3.993879498244264e-11
142.,3.5302601655546044e-11
142.2,3.104584834805762e-11
142.4,2.7151616261970433e-11
142.6,2.3603071305329402e-11
142.79999999999998,2.0383463992872942e-11
143.,1.7476129356127755e-11
143.2,1.486448685380802e-11
143.4,1.2532040283658735e-11
143.6,1.0462377680160625e-11
143.79999999999998,8.639171237173736e-12
144.,7.046177196487013e-12
144.2,5.6672357641074785e-12
144.4,4.486271016877412e-12
144.6,3.4872907925572363e-12
144.79999999999998,2.6543866198606606e-12
145.,1.9717335915975654e-12
145.2,1.423590290700837e-12
145.4,9.94298678057505e-13
145.6,6.682840014684385e-13
145.79999999999998,4.300546968543169e-13
146.,2.642022830014621e-13
146.2,1.554012687991551e-13
146.4,8.840904786072468e-14
146.6,4.808307042706955e-14
146.79999999999998,2.2778937594848092e-14
147.,8.404106687912131e-15
147.2,1.8678045836714968e-15
147.4,7.946935504204988e-17
147.6,0.
147.79999999999998,0.
148.,0.
148.2,0.
148.4,0.
148.6,0.
148.79999999999998,0.
149.,0.
149.2,0.
149.4,0.
149.6,0.
149.79999999999998,0.
150.,0.
150.2,0.
150.4,0.
150.6,0.
150.79999999999998,0.
151.,0.
151.2,0.
151.4,0.
151.6,0.
151.79999999999998,0.
152.,0.
152.2,0.
152.4,0.
152.6,0.
152.79999999999998,0.
153.,0.
153.2,0.
153.4,0.
153.6,0.
153.8,0.
154.,0.
154.2,0.
154.4,0.
154.6,0.
154.8,0.
155.,0.
155.2,0.
155.4,0.
155.6,0.
155.8,0.
156.,0.
156.2,0.
156.4,0.
156.6,0.
156.8,0.
157.,0.
157.2,0.
157.4,0.
157.6,0.
157.8,0.
158.,0.
158.2,0.
158.4,0.
158.6,0.
158.8,0.
159.,0.
159.2,0.
159.4,0.
159.6,0.
159.8,0.
160.,0.
160.2,0.
160.4,0.
160.6,0.
160.8,0.
161.,0.
161.2,0.
161.4,0.
161.6,0.
161.8,0.
162.,0.
162.2,0.
162.4,0.
162.6,0.
162.8,0.
163.,0.
163.2,0.
163.4,0.
163.6,0.
163.8,0.
164.,0.
164.2,0.
164.4,0.
164.6,0.
164.8,0.
165.,0.
165.2,0.
165.4,0.
165.6,0.
165.8,0.
166.,0.
166.2,0.
166.4,0.
166.6,0.
166.8,0.
167.,0.
167.2,0.
167.4,0.
167.6,0.
167.8,0.
168.,0.
168.2,0.
168.4,0.
168.6,0.
168.8,0.
169.,0.
169.2,0.
169.4,0.
169.6,0.
169.8,0.
170.,0.
170.2,0.
170.4,0.
170.6,0.
170.8,0.
171.,0.
171.2,0.
171.4,0.
171.6,0.
171.8,0.
172.,0.
172.2,0.
172.4,0.
172.6,0.
172.8,0.
173.,0.
173.2,0.
173.4,0.
173.6,0.
173.8,0.
174.,0.
174.2,0.
174.4,0.
174.6,0.
174.8,0.
175.,0.
175.2,0.
175.4,0.
175.6,0.
175.8,0.
176.,0.
176.2,0.
176.4,0.
176.6,0.
176.8,0.
177.,0.
177.2,0.
177.4,0.
177.6,0.
177.8,0.
178.,0.
178.2,0.
178.4,0.
178.6,0.
178.8,0.
179.,0.
179.2,0.
179.4,0.
179.6,0.
179.8,0.
180.,0.
180.2,0.
180.4,0.
180.6,0.
180.8,0.
181.,0.
181.2,0.
181.4,0.
181.6,0.
181.8,0.
182.,0.
182.2,0.
182.4,0.
182.6,0.
182.8,0.
183.,0.
183.2,0.
183.4,0.
183.6,0.
183.8,0.
184.,0.
184.2,0.
184.4,0.
184.6,0.
184.8,0.
185.,0.
185.2,0.
185.4,0.
185.6,0.
185.8,0.
186.,0.
186.2,0.
186.4,0.
186.6,0.
186.8,0.
187.,0.
187.2,0.
187.4,0.
187.6,0.
187.8,0.
188.,0.
188.2,0.
188.4,0.
188.6,0.
188.8,0.
189.,0.
189.2,0.
189.4,0.
189.6,0.
189.8,0.
190.,0.
190.2,0.
190.4,0.
190.6,0.
190.8,0.
191.,0.
191.2,0.
191.4,0.
191.6,0.
191.8,0.
192.,0.
192.2,0.
192.4,0.
192.6,0.
192.8,0.
193.,0.
193.2,0.
193.4,0.
193.6,0.
193.8,0.
194.,0.
194.2,0.
194.4,0.
194.6,0.
194.8,0.
195.,0.
195.2,0.
195.4,0.
195.6,0.
195.8,0.
196.,0.
196.2,0.
196.4,0.
196.6,0.
196.8,0.
197.,0.
197.2,0.
197.4,0.
197.6,0.
197.8,0.
198.,0.
198.2,0.
198.4,0.
198.6,0.
198.8,0.
199.,0.
199.2,0.
199.4,0.
199.6,0.
199.8,0.
200.,0.
200.2,0.
200.4,0.
200.6,0.
200.8,0.
201.,0.
201.2,0.
201.4,0.
201.6,0.
201.8,0.
202.,0.
202.2,0.
202.4,0.
202.6,0.
202.8,0.
203.,0.
203.2,0.
203.4,0.
203.6,0.
203.8,0.
204.,0.
204.2,0.
204.4,0.
204.6,0.
204.8,0.
205.,0.
205.2,0.
205.4,0.
205.6,0.
205.8,0.
206.,0.
206.2,0.
206.4,0.
206.6,0.
206.8,0.
207.,0.
207.2,0.
207.4,0.
207.6,0.
207.8,0.
208.,0.
208.2,0.
208.4,0.
208.6,0.
208.8,0.
209.,0.
209.2,0.
209.4,0.
209.6,0.
209.8,0.
210.,0.
210.2,0.
210.4,0.
210.6,0.
210.8,0.
211.,0.
211.2,0.
211.4,0.
211.6,0.
211.8,0.
212.,0.
212.2,0.
212.4,0.
212.6,0.
212.8,0.
213.,0.
213.2,0.
213.4,0.
213.6,0.
213.8,0.
214.,0.
214.2,0.
214.4,0.
214.6,0.
214.8,0.
215.,0.
215.2,0.
215.4,0.
215.6,0.
215.8,0.
216.,0.
216.2,0.
216.4,0.
216.6,0.
216.8,0.
217.,0.
217.2,0.
217.4,0.
217.6,0.
217.8,0.
218.,0.
218.2,0.
218.4,0.
218.6,0.
218.8,0.
219.,0.
219.2,0.
219.4,0.
219.6,0.
219.8,0.
220.,0.
220.2,0.
220.4,0.
220.6,0.
220.8,0.
221.,0.
221.2,0.
221.4,0.
221.6,0.
221.8,0.
222.,0.
222.2,0.
222.4,0.
222.6,0.
222.8,0.
223.,0.
223.2,0.
223.4,0.
223.6,0.
223.8,0.
224.,0.
224.2,0.
224.4,0.
224.6,0.
224.8,0.
225.,0.
225.2,0.
225.4,0.
225.6,0.
225.8,0.
226.,0.
226.2,0.
226.4,0.
226.6,0.
226.8,0.
227.,0.
227.2,0.
227.4,0.
227.6,0.
227.8,0.
228.,0.
228.2,0.
228.4,0.
228.6,0.
228.8,0.
229.,0.
229.2,0.
229.4,0.
229.6,0.
229.8,0.
230.,0.
230.2,0.
230.4,0.
230.6,0.
230.8,0.
231.,0.
231.2,0.
231.4,0.
231.6,0.
231.8,0.
232.,0.
232.2,0.
232.4,0.
232.6,0.
232.8,0.
233.,0.
233.2,0.
233.4,0.
233.6,0.
233.8,0.
234.,0.
234.2,0.
234.4,0.
234.6,0.
234.8,0.
235.,0.
235.2,0.
235.4,0.
235.6,0.
235.8,0.
236.,0.
236.2,0.
236.4,0.
236.6,0.
236.8,0.
237.,0.
237.2,0.
237.4,0.
237.6,0.
237.8,0.
238.,0.
238.2,0.
238.4,0.
238.6,0.
238.8,0.
239.,0.
239.2,0.
239.4,0.
239.6,0.
239.8,0.
240.,0.
240.2,0.
240.4,0.
240.6,0.
240.8,0.
241.,0.
241.2,0.
241.4,0.
241.6,0.
241.8,0.
242.,0.
242.2,0.
242.4,0.
242.6,0.
242.8,0.
243.,0.
243.2,0.
243.4,0.
243.6,0.
243.8,0.
244.,0.
244.2,0.
244.4,0.
244.6,0.
244.8,0.
245.,0.
245.2,0.
245.4,0.
245.6,0.
245.8,0.
246.,0.
246.2,0.
246.4,0.
246.6,0.
246.8,0.
247.,0.
247.2,0.
247.4,0.
247.6,0.
247.8,0.
248.,0.
248.2,0.
248.4,0.
248.6,0.
248.8,0.
249.,0.
249.2,0.
249.4,0.
249.6,0.
249.8,0.
250.,0.
250.2,0.
250.4,0.
250.6,0.
250.8,0.
251.,0.
251.2,0.
251.4,0.
251.6,0.
251.8,0.
252.,0.
252.2,0.
252.4,0.
252.6,0.
252.8,0.
253.,0.
253.2,0.
253.4,0.
253.6,0.
253.8,0.
254.,0.
254.2,0.
254.4,0.
254.6,0.
254.8,0.
255.,0.
255.2,0.
255.4,0.
255.6,0.
255.8,0.
256.,0.
256.2,0.
256.4,0.
256.6,0.
256.8,0.
257.,0.
257.2,0.
257.4,0.
257.6,0.
257.8,0.
258.,0.
258.2,0.
258.4,0.
258.6,0.
258.8,0.
259.,0.
259.2,0.
259.4,0.
259.6,0.
259.8,0.
260.,0.
260.2,0.
260.4,0.
260.6,0.
260.8,0.
261.,0.
261.2,0.
261.4,0.
261.6,0.
261.8,0.
262.,0.
262.2,0.
262.4,0.
262.6,0.
262.8,0.
263.,0.
263.2,0.
263.4,0.
263.6,0.
263.8,0.
264.,0.
264.2,0.
264.4,0.
264.6,0.
264.8,0.
265.,0.
265.2,0.
265.4,0.
265.6,0.
265.8,0.
266.,0.
266.2,0.
266.4,0.
266.6,0.
266.8,0.
267.,0.
267.2,0.
267.4,0.
267.6,0.
267.8,0.
268.,0.
268.2,0.
268.4,0.
268.6,0.
268.8,0.
269.,0.
269.2,0.
269.4,0.
269.6,0.
269.8,0.
270.,0.
270.2,0.
270.4,0.
270.6,0.
270.8,0.
271.,0.
271.2,0.
271.4,0.
271.6,0.
271.8,0.
272.,0.
272.2,0.
272.4,0.
272.6,0.
272.8,0.
273.,0.
273.2,0.
273.4,0.
273.6,0.
273.8,0.
274.,0.
274.2,0.
274.4,0.
274.6,0.
274.8,0.
275.,0.
275.2,0.
275.4,0.
275.6,0.
275.8,0.
276.,0.
276.2,0.
276.4,0.
276.6,0.
276.8,0.
277.,0.
277.2,0.
277.4,0.
277.6,0.
277.8,0.
278.,0.
278.2,0.
278.4,0.
278.6,0.
278.8,0.
279.,0.
279.2,0.
279.4,0.
279.6,0.
279.8,0.
280.,0.
280.2,0.
280.4,0.
280.6,0.
280.8,0.
281.,0.
281.2,0.
281.4,0.
281.6,0.
281.8,0.
282.,0.
282.2,0.
282.4,0.
282.6,0.
282.8,0.
283.,0.
283.2,0.
283.4,0.
283.6,0.
283.8,0.
284.,0.
284.2,0.
284.4,0.
284.6,0.
284.8,0.
285.,0.
285.2,0.
285.4,0.
285.6,0.
285.8,0.
286.,0.
286.2,0.
286.4,0.
286.6,0.
286.8,0.
287.,0.
287.2,0.
287.4,0.
287.6,0.
287.8,0.
288.,0.
288.2,0.
288.4,0.
288.6,0.
288.8,0.
289.,0.
289.2,0.
289.4,0.
289.6,0.
289.8,0.
290.,0.
290.2,0.
290.4,0.
290.6,0.
290.8,0.
291.,0.
291.2,0.
291.4,0.
291.6,0.
291.8,0.
292.,0.
292.2,0.
292.4,0.
292.6,0.
292.8,0.
293.,0.
293.2,0.
293.4,0.
293.6,0.
293.8,0.
294.,0.
294.2,0.
294.4,0.
294.6,0.
294.8,0.
295.,0.
295.2,0.
295.4,0.
295.6,0.
295.8,0.
296.,0.
296.2,0.
296.4,0.
296.6,0.
296.8,0.
297.,0.
297.2,0.
297.4,0.
297.6,0.
297.8,0.
298.,0.
298.2,0.
298.4,0.
298.6,0.
298.8,0.
299.,0.
299.2,0.
299.4,0.
299.6,0.
299.8,0.
300.,0.
300.2,0.
300.4,0.
300.6,0.
300.8,0.
301.,0.
301.2,0.
301.4,0.
301.6,0.
301.8,0.
302.,0.
302.2,0.
302.4,0.
302.6,0.
302.8,0.
303.,0.
303.2,0.
303.4,0.
303.6,0.
303.8,0.
304.,0.
304.2,0.
304.4,0.
304.6,0.
304.8,0.
305.,0.
305.2,0.
305.4,0.
305.6,0.
305.8,0.
306.,0.
306.2,0.
306.4,0.
306.6,0.
306.8,0.
307.,0.
307.2,0.
307.40000000000003,0.
307.6,0.
307.8,0.
308.,0.
308.2,0.
308.40000000000003,0.
308.6,0.
308.8,0.
309.,0.
309.2,0.
309.40000000000003,0.
309.6,0.
309.8,0.
310.,0.
310.2,0.
310.40000000000003,0.
310.6,0.
310.8,0.
311.,0.
311.2,0.
311.40000000000003,0.
311.6,0.
311.8,0.
312.,0.
312.2,0.
312.40000000000003,0.
312.6,0.
312.8,0.
313.,0.
313.2,0.
313.40000000000003,0.
313.6,0.
313.8,0.
314.,0.
314.2,0.
314.40000000000003,0.
314.6,0.
314.8,0.
315.,0.
315.2,0.
315.40000000000003,0.
315.6,0.
315.8,0.
316.,0.
316.2,0.
316.40000000000003,0.
316.6,0.
316.8,0.
317.,0.
317.2,0.
317.40000000000003,0.
317.6,0.
317.8,0.
318.,0.
318.2,0.
318.40000000000003,0.
318.6,0.
318.8,0.
319.,0.
319.2,0.
319.40000000000003,0.
319.6,0.
319.8,0.
320.,0.
320.2,0.
320.40000000000003,0.
320.6,0.
320.8,0.
321.,0.
321.2,0.
321.40000000000003,0.
321.6,0.
321.8,0.
322.,0.
322.2,0.
322.40000000000003,0.
322.6,0.
322.8,0.
323.,0.
323.2,0.
323.40000000000003,0.
323.6,0.
323.8,0.
324.,0.
324.2,0.
324.40000000000003,0.
324.6,0.
324.8,0.
325.,0.
325.2,0.
325.40000000000003,0.
325.6,0.
325.8,0.
326.,0.
326.2,0.
326.40000000000003,0.
326.6,0.
326.8,0.
327.,0.
327.2,0.
327.40000000000003,0.
327.6,0.
327.8,0.
328.,0.
328.2,0.
328.40000000000003,0.
328.6,0.
328.8,0.
329.,0.
329.2,0.
329.40000000000003,0.
329.6,0.
329.8,0.
330.,0.
330.2,0.
330.40000000000003,0.
330.6,0.
330.8,0.
331.,0.
331.2,0.
331.40000000000003,0.
331.6,0.
331.8,0.
332.,0.
332.2,0.
332.40000000000003,0.
332.6,0.
332.8,0.
333.,0.
333.2,0.
333.40000000000003,0.
333.6,0.
333.8,0.
334.,0.
334.2,0.
334.40000000000003,0.
334.6,0.
334.8,0.
335.,0.
335.2,0.
335.40000000000003,0.
335.6,0.
335.8,0.
336.,0.
336.2,0.
336.40000000000003,0.
336.6,0.
336.8,0.
337.,0.
337.2,0.
337.40000000000003,0.
337.6,0.
337.8,0.
338.,0.
338.2,0.
338.40000000000003,0.
338.6,0.
338.8,0.
339.,0.
339.2,0.
339.40000000000003,0.
339.6,0.
339.8,0.
340.,0.
340.2,0.
340.40000000000003,0.
340.6,0.
340.8,0.
341.,0.
341.2,0.
341.40000000000003,0.
341.6,0.
341.8,0.
342.,0.
342.2,0.
342.40000000000003,0.
342.6,0.
342.8,0.
343.,0.
343.2,0.
343.40000000000003,0.
343.6,0.
343.8,0.
344.,0.
344.2,0.
344.40000000000003,0.
344.6,0.
344.8,0.
345.,0.
345.2,0.
345.40000000000003,0.
345.6,0.
345.8,0.
346.,0.
346.2,0.
346.40000000000003,0.
346.6,0.
346.8,0.
347.,0.
347.2,0.
347.40000000000003,0.
347.6,0.
347.8,0.
348.,0.
348.2,0.
348.40000000000003,0.
348.6,0.
348.8,0.
349.,0.
349.2,0.
349.40000000000003,0.
349.6,0.
349.8,0.
350.,0.
350.2,0.
350.40000000000003,0.
350.6,0.
350.8,0.
351.,0.
351.2,0.
351.40000000000003,0.
351.6,0.
351.8,0.
352.,0.
352.2,0.
352.40000000000003,0.
352.6,0.
352.8,0.
353.,0.
353.2,0.
353.40000000000003,0.
353.6,0.
353.8,0.
354.,0.
354.2,0.
354.40000000000003,0.
354.6,0.
354.8,0.
355.,0.
355.2,0.
355.40000000000003,0.
355.6,0.
355.8,0.
356.,0.
356.2,0.
356.40000000000003,0.
356.6,0.
356.8,0.
357.,0.
357.2,0.
357.40000000000003,0.
357.6,0.
357.8,0.
358.,0.
358.2,0.
358.40000000000003,0.
358.6,0.
358.8,0.
359.,0.
359.2,0.
359.40000000000003,0.
359.6,0.
359.8,0.
360.,0.
360.2,0.
360.40000000000003,0.
360.6,0.
360.8,0.
361.,0.
361.2,0.
361.40000000000003,0.
361.6,0.
361.8,0.
362.,0.
362.2,0.
362.40000000000003,0.
362.6,0.
362.8,0.
363.,0.
363.2,0.
363.40000000000003,0.
363.6,0.
363.8,0.
364.,0.
364.2,0.
364.40000000000003,0.
364.6,0.
364.8,0.
365.,0.
365.2,0.
365.40000000000003,0.
365.6,0.
365.8,0.
366.,0.
366.2,0.
366.40000000000003,0.
366.6,0.
366.8,0.
367.,0.
367.2,0.
367.40000000000003,0.
367.6,0.
367.8,0.
368.,0.
368.2,0.
368.40000000000003,0.
368.6,0.
368.8,0.
369.,0.
369.2,0.
369.40000000000003,0.
369.6,0.
369.8,0.
370.,0.
370.2,0.
370.40000000000003,0.
370.6,0.
370.8,0.
371.,0.
371.2,0.
371.40000000000003,0.
371.6,0.
371.8,0.
372.,0.
372.2,0.
372.40000000000003,0.
372.6,0.
372.8,0.
373.,0.
373.2,0.
373.40000000000003,0.
373.6,0.
373.8,0.
374.,0.
374.2,0.
374.40000000000003,0.
374.6,0.
374.8,0.
375.,0.
375.2,0.
375.40000000000003,0.
375.6,0.
375.8,0.
376.,0.
376.2,0.
376.40000000000003,0.
376.6,0.
376.8,0.
377.,0.
377.2,0.
377.40000000000003,0.
377.6,0.
377.8,0.
378.,0.
378.2,0.
378.40000000000003,0.
378.6,0.
378.8,0.
379.,0.
379.2,0.
379.40000000000003,0.
379.6,0.
379.8,0.
380.,0.
380.2,0.
380.40000000000003,0.
380.6,0.
380.8,0.
381.,0.
381.2,0.
381.40000000000003,0.
381.6,0.
381.8,0.
382.,0.
382.2,0.
382.40000000000003,0.
382.6,0.
382.8,0.
383.,0.
383.2,0.
383.40000000000003,0.
383.6,0.
383.8,0.
384.,0.
384.2,0.
384.40000000000003,0.
384.6,0.
384.8,0.
385.,0.
385.2,0.
385.40000000000003,0.
385.6,0.
385.8,0.
386.,0.
386.2,0.
386.40000000000003,0.
386.6,0.
386.8,0.
387.,0.
387.2,0.
387.40000000000003,0.
387.6,0.
387.8,0.
388.,0.
388.2,0.
388.40000000000003,0.
388.6,0.
388.8,0.
389.,0.
389.2,0.
389.40000000000003,0.
389.6,0.
389.8,0.
390.,0.
390.2,0.
390.40000000000003,0.
390.6,0.
390.8,0.
391.,0.
391.2,0.
391.40000000000003,0.
391.6,0.
391.8,0.
392.,0.
392.2,0.
392.40000000000003,0.
392.6,0.
392.8,0.
393.,0.
393.2,0.
393.40000000000003,0.
393.6,0.
393.8,0.
394.,0.
394.2,0.
394.40000000000003,0.
394.6,0.
394.8,0.
395.,0.
395.2,0.
395.40000000000003,0.
395.6,0.
395.8,0.
396.,0.
396.2,0.
396.40000000000003,0.
396.6,0.
396.8,0.
397.,0.
397.2,0.
397.40000000000003,0.
397.6,0.
397.8,0.
398.,0.
398.2,0.
398.40000000000003,0.
398.6,0.
398.8,0.
399.,0.
399.2,0.
399.40000000000003,0.
399.6,0.
399.8,0.
400.,0.
