0.2,1.8198185619059907e-14
0.4,9.263219656327702e-14
0.6000000000000001,2.5762415212338004e-13
0.8,5.530462784590618e-13
1.,1.023686415986643e-12
1.2,1.7186513491743244e-12
1.4000000000000001,2.6908062625120262e-12
1.6,3.996248689408306e-12
1.8,5.693815381809587e-12
2.,7.844620587480528e-12
2.2,1.0511624279172287e-11
2.4000000000000004,1.3759228935381536e-11
2.6000000000000005,1.7652903526109844e-11
2.8000000000000003,2.2258833409014186e-11
3.0000000000000004,2.764359489163715e-11
3.2,3.387385326406144e-11
3.4000000000000004,4.101608315339149e-11
3.6000000000000005,4.913631009696297e-11
3.8000000000000003,5.829987227516463e-11
4.,6.857120138726103e-11
4.2,8.001362169467345e-11
4.4,9.268916629584721e-11
4.6000000000000005,1.0665840973514332e-10
4.800000000000001,1.219803160851831e-10
5.000000000000001,1.3871210167777868e-10
5.2,1.569091116930405e-10
5.4,1.7662470984949904e-10
5.6000000000000005,1.9791018047014446e-10
5.800000000000001,2.2081464223022066e-10
6.000000000000001,2.4538497292242357e-10
6.2,2.7166574460389983e-10
6.4,2.9969916851714664e-10
6.6000000000000005,3.2952504920359544e-10
6.800000000000001,3.611807472543828e-10
7.000000000000001,3.947011501675663e-10
7.2,4.3011865080488375e-10
7.4,4.674631329641071e-10
7.6000000000000005,5.067619636051275e-10
7.800000000000001,5.48039991289157e-10
8.,5.91319550410876e-10
8.2,6.366204708230213e-10
8.4,6.83960092471796e-10
8.6,7.333532846796748e-10
8.799999999999999,7.848124697296252e-10
9.,8.383476504215408e-10
9.2,8.939664412878171e-10
9.4,9.516741031704577e-10
9.6,1.0114735808769594e-9
9.8,1.0733655436465113e-9
10.,1.1373484281716772e-9
10.2,1.2034184839339296e-9
10.4,1.2715698206239217e-9
10.6,1.341794457429518e-9
10.8,1.4140823739861444e-9
11.,1.4884215627951058e-9
11.2,1.5647980829261799e-9
11.4,1.6431961148309223e-9
11.6,1.7235980161029017e-9
11.8,1.8059843780303941e-9
12.,1.8903340827959842e-9
12.2,1.976624361186072e-9
12.4,2.0648308506814393e-9
12.6,2.1549276538078207e-9
12.8,2.2468873966329376e-9
13.,2.3406812873034735e-9
13.2,2.436279174522414e-9
13.4,2.5336496058735334e-9
13.6,2.6327598859060987e-9
13.8,2.7335761338987644e-9
14.,2.8360633412272062e-9
14.2,2.940185428265529e-9
14.4,3.0459053007564823e-9
14.6,3.1531849055904923e-9
14.8,3.2619852859381206e-9
15.,3.372266635684953e-9
15.2,3.4839883531222085e-9
15.4,3.59710909385023e-9
15.6,3.7115868228559402e-9
15.8,3.827378865728862e-9
16.,3.9444419589837455e-9
16.2,4.062732299461125e-9
16.4,4.182205592780146e-9
16.6,4.302817100820972e-9
16.8,4.424521688216772e-9
17.,4.547273867838027e-9
17.2,4.671027845254151e-9
17.4,4.7957375621599995e-9
17.6,4.921356738756866e-9
17.8,5.047838915079671e-9
18.,5.175137491264086e-9
18.2,5.303205766749094e-9
18.4,5.431996978412253e-9
18.6,5.561464337636511e-9
18.8,5.691561066309097e-9
19.,5.822240431754202e-9
19.2,5.953455780602765e-9
19.400000000000002,6.085160571603716e-9
19.6,6.217308407382344e-9
19.8,6.3498530651524956e-9
20.,6.482748526390314e-9
20.2,6.615949005478189e-9
20.400000000000002,6.749408977328449e-9
20.6,6.883083203997197e-9
20.8,7.016926760299326e-9
21.,7.150895058436548e-9
21.2,7.284943870366414e-9
21.400000000000002,7.419029295899854e-9
21.6,7.553107692893833e-9
21.8,7.687135783323097e-9
22.,7.821070719992519e-9
22.2,7.954870105988272e-9
22.400000000000002,8.088492012811498e-9
22.6,8.221894997647193e-9
22.8,8.355038119783627e-9
23.,8.487880956197924e-9
23.2,8.620383616323614e-9
23.400000000000002,8.752506756016154e-9
23.6,8.884211590732521e-9
23.8,9.015459907941181e-9
24.,9.146214078778761e-9
24.2,9.276437068969827e-9
24.400000000000002,9.40609244902626e-9
24.6,9.535144403742687e-9
24.8,9.6635577410045e-9
25.,9.791297899924854e-9
25.2,9.91833095832716e-9
25.400000000000002,1.0044623639589388e-8
25.6,1.0170143318866483e-8
25.8,1.0294858028707205e-8
26.,1.0418736464081418e-8
26.2,1.0541747986833798e-8
26.400000000000002,1.0663862629580083e-8
26.6,1.0785051099061206e-8
26.8,1.090528477897145e-8
27.,1.1024535732275445e-8
27.2,1.1142776703029863e-8
27.400000000000002,1.1259981117724524e-8
27.6,1.137612308615804e-8
27.8,1.1491177401862608e-8
28.,1.1605119542092588e-8
28.2,1.1717925667391184e-8
28.400000000000002,1.1829572620749298e-8
28.6,1.194003792637053e-8
28.8,1.2049299788056065e-8
29.,1.21573370872229e-8
29.2,1.22641293805686e-8
29.400000000000002,1.2369656897395876e-8
29.6,1.2473900536609425e-8
29.8,1.2576841863398065e-8
30.,1.2678463105614131e-8
30.2,1.2778747149862446e-8
30.400000000000002,1.2877677537310932e-8
30.6,1.2975238459234022e-8
30.8,1.3071414752300938e-8
31.,1.316619189361955e-8
31.2,1.3259555995546915e-8
31.400000000000002,1.3351493800277476e-8
31.6,1.3441992674218956e-8
31.8,1.3531040602166621e-8
32.,1.3618626181285817e-8
32.2,1.3704738614912469e-8
32.400000000000006,1.3789367706181282e-8
32.6,1.3872503851491002e-8
32.800000000000004,1.3954138033815803e-8
33.00000000000001,1.4034261815871557e-8
33.2,1.4112867333146194e-8
33.400000000000006,1.4189947286801858e-8
33.6,1.4265494936457876e-8
33.800000000000004,1.4339504092862107e-8
34.00000000000001,1.4411969110458528e-8
34.2,1.4482884879858939e-8
34.400000000000006,1.4552246820226087e-8
34.6,1.4620050871575086e-8
34.800000000000004,1.4686293487000824e-8
35.00000000000001,1.475097162483748e-8
35.2,1.4814082740757254e-8
35.400000000000006,1.487562477981446e-8
35.6,1.4935596168441385e-8
35.800000000000004,1.4993995806401727e-8
36.00000000000001,1.5050823058707903e-8
36.2,1.5106077747507408e-8
36.400000000000006,1.515976014394406e-8
36.6,1.5211870959999395e-8
36.800000000000004,1.5262411340319332e-8
37.00000000000001,1.5311382854031074e-8
37.2,1.5358787486555138e-8
37.400000000000006,1.540462763141721e-8
37.6,1.5448906082064163e-8
37.800000000000004,1.54916260236888e-8
38.00000000000001,1.55327910250673e-8
38.2,1.5572405030413597e-8
38.400000000000006,1.56104723512545e-8
38.60000000000001,1.5646997658329293e-8
38.800000000000004,1.568198597351741e-8
39.00000000000001,1.5715442661797808e-8
39.2,1.5747373423243165e-8
39.400000000000006,1.5777784285052102e-8
39.60000000000001,1.580668159362294e-8
39.800000000000004,1.5834072006671157e-8
40.00000000000001,1.5859962485394228e-8
40.2,1.588436028668573e-8
40.400000000000006,1.590727295540213e-8
40.60000000000001,1.592870831668387e-8
40.800000000000004,1.5948674468333832e-8
41.00000000000001,1.596717977325497e-8
41.2,1.598423285194943e-8
41.400000000000006,1.5999842575081204e-8
41.60000000000001,1.6014018056104037e-8
41.800000000000004,1.6026768643956925e-8
42.00000000000001,1.6038103915828074e-8
42.2,1.6048033669990018e-8
42.400000000000006,1.605656791870654e-8
42.60000000000001,1.6063716881213314e-8
42.800000000000004,1.6069490976773567e-8
43.00000000000001,1.6073900817809953e-8
43.2,1.6076957203114016e-8
43.400000000000006,1.6078671111134004e-8
43.60000000000001,1.6079053693342636e-8
43.800000000000004,1.6078116267685143e-8
44.00000000000001,1.6075870312109025e-8
44.2,1.607232745817606e-8
44.400000000000006,1.6067499484757278e-8
44.60000000000001,1.6061398311811713e-8
44.800000000000004,1.605403599424975e-8
45.00000000000001,1.6045424715880852e-8
45.2,1.6035576783447225e-8
45.400000000000006,1.6024504620742987e-8
45.60000000000001,1.601222076281971e-8
45.800000000000004,1.5998737850278277e-8
46.00000000000001,1.5984068623647755e-8
46.2,1.5968225917851063e-8
46.400000000000006,1.5951222656757927e-8
46.60000000000001,1.5933071847824934e-8
46.800000000000004,1.5913786576823108e-8
47.00000000000001,1.5893380002652594e-8
47.2,1.5871865352244846e-8
47.400000000000006,1.5849255915551855e-8
47.60000000000001,1.5825565040622637e-8
47.800000000000004,1.580080612876663e-8
48.00000000000001,1.5774992629803845e-8
48.2,1.5748138037401624e-8
48.400000000000006,1.5720255884497552e-8
48.60000000000001,1.5691359738808527e-8
48.800000000000004,1.566146319842528e-8
49.00000000000001,1.563057988749233e-8
49.2,1.559872345197279e-8
49.400000000000006,1.556590755549761e-8
49.60000000000001,1.553214587529881e-8
49.800000000000004,1.5497452098226402e-8
50.00000000000001,1.5461839916848167e-8
50.2,1.542532302563199e-8
50.400000000000006,1.5387915117210376e-8
50.60000000000001,1.534962987872589e-8
50.800000000000004,1.531048098825786e-8
51.00000000000001,1.527048211132903e-8
51.2,1.5229646897491634e-8
51.400000000000006,1.5187988976992795e-8
51.60000000000001,1.514552195751752e-8
51.800000000000004,1.5102259421009903e-8
52.00000000000001,1.5058214920570472e-8
52.2,1.501340197743037e-8
52.400000000000006,1.49678340780003e-8
52.60000000000001,1.492152467099447e-8
52.800000000000004,1.4874487164628335e-8
53.00000000000001,1.482673492388943e-8
53.2,1.4778281267880513e-8
53.400000000000006,1.4729139467234445e-8
53.60000000000001,1.4679322741599612e-8
53.800000000000004,1.4628844257195306e-8
54.00000000000001,1.4577717124436579e-8
54.2,1.4525954395626869e-8
54.400000000000006,1.4473569062718547e-8
54.60000000000001,1.4420574055139992e-8
54.800000000000004,1.4366982237688425e-8
55.00000000000001,1.4312806408487838e-8
55.2,1.4258059297010865e-8
55.400000000000006,1.4202753562164106e-8
55.60000000000001,1.414690179043579e-8
55.800000000000004,1.4090516494105054e-8
56.00000000000001,1.4033610109511801e-8
56.2,1.3976194995386594e-8
56.400000000000006,1.3918283431239264e-8
56.60000000000001,1.3859887615805951e-8
56.800000000000004,1.3801019665553179e-8
57.00000000000001,1.3741691613238267e-8
57.2,1.3681915406525491e-8
57.400000000000006,1.3621702906656793e-8
57.60000000000001,1.3561065887176192e-8
57.800000000000004,1.350001603270729e-8
58.00000000000001,1.3438564937782742e-8
58.2,1.337672410572508e-8
58.400000000000006,1.3314504947577771e-8
58.60000000000001,1.3251918781085919e-8
58.800000000000004,1.3188976829725571e-8
59.00000000000001,1.312569022178074e-8
59.2,1.3062069989467867e-8
59.400000000000006,1.2998127068105766e-8
59.60000000000001,1.2933872295331521e-8
59.800000000000004,1.2869316410360481e-8
60.00000000000001,1.28044700532901e-8
60.2,1.2739343764446637e-8
60.400000000000006,1.267394798377377e-8
60.60000000000001,1.2608293050262669e-8
60.800000000000004,1.254238920142231e-8
61.00000000000001,1.2476246572789466e-8
61.2,1.2409875197477847e-8
61.400000000000006,1.2343285005764607e-8
61.60000000000001,1.2276485824714995e-8
61.800000000000004,1.2209487377842929e-8
62.00000000000001,1.2142299284807672e-8
62.2,1.2074931061145123e-8
62.400000000000006,1.2007392118033871e-8
62.60000000000001,1.1939691762094287e-8
62.800000000000004,1.1871839195220675e-8
63.00000000000001,1.1803843514445355e-8
63.2,1.1735713711834036e-8
63.400000000000006,1.1667458674411944e-8
63.60000000000001,1.1599087184119614e-8
63.800000000000004,1.1530607917798027e-8
64.,1.1462029447202289e-8
64.2,1.1393360239043015e-8
64.4,1.1324608655054994e-8
64.60000000000001,1.125578295209209e-8
64.80000000000001,1.1186891282248106e-8
65.,1.111794169300313e-8
65.2,1.1048942127393535e-8
65.4,1.0979900424206873e-8
65.60000000000001,1.091082431819931e-8
65.80000000000001,1.0841721440335854e-8
66.,1.0772599318052851e-8
66.2,1.0703465375541496e-8
66.4,1.0634326934052401e-8
66.60000000000001,1.0565191212220449e-8
66.80000000000001,1.0496065326409056e-8
67.,1.0426956291073508e-8
67.2,1.0357871019143144e-8
67.4,1.0288816322421035e-8
67.60000000000001,1.0219798912001461e-8
67.80000000000001,1.0150825398703752e-8
68.,1.0081902293523114e-8
68.2,1.0013036008096662e-8
68.4,9.944232855185031e-9
68.60000000000001,9.875499049168627e-9
68.80000000000001,9.80684070655847e-9
69.,9.738263846520281e-9
69.2,9.669774391412203e-9
69.4,9.60137816733557e-9
69.60000000000001,9.533080904697411e-9
69.80000000000001,9.464888238785447e-9
70.,9.396805710354214e-9
70.2,9.328838766222141e-9
70.4,9.26099275987942e-9
70.60000000000001,9.193272952105845e-9
70.80000000000001,9.125684511598285e-9
71.,9.058232515607602e-9
71.2,8.99092195058459e-9
71.4,8.923757712833699e-9
71.60000000000001,8.856744609175991e-9
71.80000000000001,8.789887357618536e-9
72.,8.723190588032226e-9
72.2,8.656658842835811e-9
72.4,8.590296577686937e-9
72.60000000000001,8.524108162179157e-9
72.80000000000001,8.458097880545e-9
73.,8.392269932364664e-9
73.2,8.32662843327944e-9
73.4,8.261177415710731e-9
73.60000000000001,8.195920829583113e-9
73.80000000000001,8.130862543051753e-9
74.,8.066006343233906e-9
74.2,8.001355936943699e-9
74.4,7.936914951430806e-9
74.60000000000001,7.872686935121721e-9
74.80000000000001,7.80867535836387e-9
75.,7.744883614172302e-9
75.2,7.681315018978707e-9
75.4,7.617972813382069e-9
75.60000000000001,7.554860162901322e-9
75.80000000000001,7.49198015872938e-9
76.,7.429335818488098e-9
76.2,7.366930086984808e-9
76.4,7.304765836968772e-9
76.60000000000001,7.2428458698888535e-9
76.80000000000001,7.18117291665101e-9
77.00000000000001,7.119749638376179e-9
77.2,7.058578627157492e-9
77.4,6.9976624068179625e-9
77.60000000000001,6.937003433666543e-9
77.80000000000001,6.876604097254532e-9
78.00000000000001,6.816466721130161e-9
78.2,6.756593563592554e-9
78.4,6.6969868184441386e-9
78.60000000000001,6.637648615741507e-9
78.80000000000001,6.578581022545136e-9
79.00000000000001,6.519786043666528e-9
79.2,6.461265622413854e-9
79.4,6.403021641335448e-9
79.60000000000001,6.345055922960709e-9
79.80000000000001,6.287370230538939e-9
80.00000000000001,6.229966268775176e-9
80.2,6.172845684563892e-9
80.4,6.1160100677191325e-9
80.60000000000001,6.059460951702322e-9
80.80000000000001,6.003199814346422e-9
81.00000000000001,5.947228078577321e-9
81.2,5.891547113131506e-9
81.4,5.836158233270479e-9
81.60000000000001,5.78106270149174e-9
81.80000000000001,5.726261728235622e-9
82.00000000000001,5.671756472588877e-9
82.2,5.617548042983894e-9
82.4,5.563637497894618e-9
82.60000000000001,5.510025846527646e-9
82.80000000000001,5.456714049509811e-9
83.00000000000001,5.403703019571026e-9
83.2,5.350993622223262e-9
83.4,5.298586676434781e-9
83.60000000000001,5.2464829553002875e-9
83.80000000000001,5.194683186706184e-9
84.00000000000001,5.143188053991455e-9
84.2,5.0919981966037755e-9
84.4,5.041114210750916e-9
84.60000000000001,4.990536650047659e-9
84.80000000000001,4.940266026157318e-9
85.00000000000001,4.890302809428823e-9
85.2,4.840647429528873e-9
85.4,4.79130027606864e-9
85.60000000000001,4.742261699225965e-9
85.80000000000001,4.693532010362602e-9
86.00000000000001,4.6451114826353195e-9
86.2,4.597000351603399e-9
86.4,4.5491988158295564e-9
86.60000000000001,4.50170703747673e-9
86.80000000000001,4.454525142898633e-9
87.00000000000001,4.407653223226098e-9
87.2,4.361091334947298e-9
87.4,4.314839500483046e-9
87.60000000000001,4.268897708756627e-9
87.80000000000001,4.223265915758462e-9
88.00000000000001,4.177944045105201e-9
88.2,4.13293198859354e-9
88.4,4.0882296067487105e-9
88.60000000000001,4.043836729367296e-9
88.80000000000001,3.9997531560551186e-9
89.00000000000001,3.955978656759108e-9
89.2,3.912512972294347e-9
89.4,3.869355814865202e-9
89.60000000000001,3.8265068685814404e-9
89.80000000000001,3.783965789968589e-9
90.00000000000001,3.741732208472891e-9
90.2,3.6998057269613393e-9
90.4,3.6581859222154806e-9
90.60000000000001,3.616872345420554e-9
90.80000000000001,3.5758645226487162e-9
91.00000000000001,3.5351619553373203e-9
91.2,3.494764120761078e-9
91.4,3.4546704725000147e-9
91.60000000000001,3.414880440900858e-9
91.80000000000001,3.3753934335338405e-9
92.00000000000001,3.3362088356439364e-9
92.2,3.297326010596824e-9
92.4,3.2587443003193223e-9
92.60000000000001,3.2204630257351766e-9
92.80000000000001,3.182481487194809e-9
93.00000000000001,3.1447989649002925e-9
93.2,3.1074147193251845e-9
93.4,3.0703279916287443e-9
93.60000000000001,3.033538004065464e-9
93.80000000000001,2.997043960389221e-9
94.00000000000001,2.960845046251998e-9
94.2,2.924940429598466e-9
94.4,2.8893292610543802e-9
94.60000000000001,2.8540106743105486e-9
94.80000000000001,2.8189837865016694e-9
95.00000000000001,2.7842476985805277e-9
95.2,2.749801495686392e-9
95.4,2.715644247509533e-9
95.60000000000001,2.6817750086498197e-9
95.80000000000001,2.6481928189716564e-9
96.00000000000001,2.614896703952718e-9
96.2,2.5818856750289455e-9
96.4,2.5491587299346182e-9
96.60000000000001,2.516714853037242e-9
96.80000000000001,2.4845530156678995e-9
97.00000000000001,2.4526721764476213e-9
97.2,2.421071281607972e-9
97.4,2.3897492653080498e-9
97.60000000000001,2.3587050499464964e-9
97.80000000000001,2.3279375464690432e-9
98.00000000000001,2.297445654671426e-9
98.2,2.267228263498285e-9
98.4,2.237284251337347e-9
98.60000000000001,2.207612486309143e-9
98.80000000000001,2.1782118265527634e-9
99.00000000000001,2.1490811205071145e-9
99.2,2.1202192071877492e-9
99.4,2.0916249164598157e-9
99.60000000000001,2.0632970693068066e-9
99.80000000000001,2.0352344780946713e-9
100.00000000000001,2.0074359468328687e-9
100.2,1.97990027142998e-9
100.4,1.9526262399466075e-9
100.60000000000001,1.9256126328435002e-9
100.80000000000001,1.8988582232258436e-9
101.00000000000001,1.8723617770843025e-9
101.2,1.8461220535310426e-9
101.4,1.8201378050329747e-9
101.60000000000001,1.794407777640687e-9
101.80000000000001,1.7689307112138574e-9
102.00000000000001,1.743705339642867e-9
102.2,1.718730391066719e-9
102.4,1.694004588087543e-9
102.60000000000001,1.6695266479810158e-9
102.80000000000001,1.6452952829041345e-9
103.00000000000001,1.621309200098474e-9
103.2,1.597567102090585e-9
103.4,1.5740676868891927e-9
103.60000000000001,1.5508096481781502e-9
103.80000000000001,1.527791675506904e-9
104.00000000000001,1.5050124544770064e-9
104.2,1.4824706669263416e-9
104.4,1.460164991108426e-9
104.60000000000001,1.438094101870785e-9
104.80000000000001,1.4162566708278141e-9
105.00000000000001,1.3946513665323555e-9
105.2,1.3732768546434593e-9
105.4,1.352131798090847e-9
105.60000000000001,1.331214857237092e-9
105.80000000000001,1.3105246900363111e-9
106.00000000000001,1.2900599521900314e-9
106.2,1.269819297300304e-9
106.4,1.2498013770199386e-9
106.60000000000001,1.2300048411997888e-9
106.80000000000001,1.2104283380335352e-9
107.00000000000001,1.1910705141995047e-9
107.2,1.1719300149999784e-9
107.4,1.1530054844974024e-9
107.60000000000001,1.1342955656487963e-9
107.80000000000001,1.1157989004367219e-9
108.00000000000001,1.097514129998441e-9
108.2,1.0794398947517414e-9
108.4,1.061574834518892e-9
108.60000000000001,1.0439175886483927e-9
108.80000000000001,1.0264667961332883e-9
109.00000000000001,1.0092210957281141e-9
109.2,9.921791260632192e-10
109.4,9.753395257562814e-10
109.60000000000001,9.587009335222395e-10
109.80000000000001,9.422619882807895e-10
110.00000000000001,9.260213292612689e-10
110.2,9.099775961059816e-10
110.4,8.941294289709475e-10
110.60000000000001,8.784754686246232e-10
110.80000000000001,8.63014356544821e-10
111.00000000000001,8.477447350131595e-10
111.2,8.32665247207681e-10
111.4,8.177745372936932e-10
111.60000000000001,8.030712505125667e-10
111.80000000000001,7.885540332679909e-10
112.00000000000001,7.742215332116406e-10
112.2,7.600723993255829e-10
112.4,7.461052820037482e-10
112.60000000000001,7.323188331314073e-10
112.80000000000001,7.187117061627081e-10
113.00000000000001,7.052825561965153e-10
113.2,6.920300400508234e-10
113.4,6.789528163350228e-10
113.60000000000001,6.660495455208037e-10
113.80000000000001,6.533188900114382e-10
114.00000000000001,6.407595142094224e-10
114.2,6.283700845823057e-10
114.4,6.161492697272716e-10
114.60000000000001,6.040957404344603e-10
114.80000000000001,5.922081697476085e-10
115.00000000000001,5.804852330249922e-10
115.2,5.689256079974492e-10
115.4,5.575279748254455e-10
115.60000000000001,5.462910161551168e-10
115.80000000000001,5.352134171726194e-10
116.00000000000001,5.242938656566941e-10
116.2,5.135310520312423e-10
116.4,5.029236694147724e-10
116.60000000000001,4.924704136702867e-10
116.80000000000001,4.821699834528186e-10
117.00000000000001,4.720210802561255e-10
117.2,4.6202240845814124e-10
117.4,4.521726753654014e-10
117.60000000000001,4.4247059125597064e-10
117.80000000000001,4.3291486942165143e-10
118.00000000000001,4.23504226208548e-10
118.2,4.142373810570251e-10
118.4,4.051130565404814e-10
118.60000000000001,3.961299784028139e-10
118.80000000000001,3.8728687559504974e-10
119.00000000000001,3.785824803109907e-10
119.2,3.7001552802195356e-10
119.4,3.615847575102844e-10
119.60000000000001,3.5328891090169256e-10
119.80000000000001,3.451267336976985e-10
120.00000000000001,3.3709697480584217e-10
120.2,3.291983865698523e-10
120.4,3.214297247987136e-10
120.60000000000001,3.1378974879512927e-10
120.80000000000001,3.0627722138201736e-10
121.00000000000001,2.988909089299768e-10
121.2,2.9162958138234944e-10
121.4,2.844920122804577e-10
121.60000000000001,2.774769787876188e-10
121.80000000000001,2.705832617126974e-10
122.00000000000001,2.6380964553241724e-10
122.2,2.5715491841350913e-10
122.4,2.5061787223394304e-10
122.60000000000001,2.4419730260310783e-10
122.80000000000001,2.378920088820867e-10
123.00000000000001,2.3170079420234783e-10
123.2,2.2562246548482835e-10
123.4,2.1965583345712987e-10
123.60000000000001,2.1379971267110796e-10
123.80000000000001,2.0805292151951807e-10
124.00000000000001,2.024142822520526e-10
124.2,1.968826209906365e-10
124.4,1.914567677444767e-10
124.60000000000001,1.8613555642439068e-10
124.80000000000001,1.809178248564028e-10
125.00000000000001,1.7580241479516569e-10
125.2,1.7078817193671734e-10
125.4,1.6587394593062455e-10
125.60000000000001,1.6105859039176624e-10
125.80000000000001,1.5634096291170746e-10
126.00000000000001,1.517199250689924e-10
126.2,1.4719434244034417e-10
126.4,1.427630846097242e-10
126.60000000000001,1.384250251781897e-10
126.80000000000001,1.3417904177280908e-10
127.00000000000001,1.3002401605525522e-10
127.2,1.259588337300584e-10
127.4,1.2198238455231336e-10
127.60000000000001,1.1809356233533422e-10
127.80000000000001,1.1429126495740707e-10
128.,1.1057439436838062e-10
128.2,1.0694185659641356e-10
128.4,1.0339256175363223e-10
128.6,9.992542404192285e-11
128.79999999999998,9.65393617579115e-11
129.,9.323329729844768e-11
129.2,9.000615716481952e-11
129.4,8.685687196748111e-11
129.6,8.378437642971162e-11
129.79999999999998,8.078760939180991e-11
130.,7.78655138145426e-11
130.2,7.501703678170836e-11
130.4,7.224112950423254e-11
130.6,6.953674732197959e-11
130.79999999999998,6.690284970667085e-11
131.,6.433840026352637e-11
131.2,6.184236673411886e-11
131.4,5.94137209974473e-11
131.6,5.705143907153649e-11
131.79999999999998,5.475450111500576e-11
132.,5.252189142800732e-11
132.2,5.0352598452887175e-11
132.4,4.824561477527728e-11
132.6,4.619993712451781e-11
132.79999999999998,4.421456637358693e-11
133.,4.2288507539709346e-11
133.2,4.0420769784031976e-11
133.4,3.861036641147984e-11
133.6,3.685631487017219e-11
133.79999999999998,3.515763675147464e-11
134.,3.351335778851984e-11
134.2,3.192250785573544e-11
134.4,3.038412096805735e-11
134.6,2.889723527944901e-11
134.79999999999998,2.7460893081634674e-11
135.,2.6074140802891674e-11
135.2,2.473602900637917e-11
135.4,2.34456123884774e-11
135.6,2.2201949777233314e-11
135.79999999999998,2.1004104129930144e-11
136.,1.9851142531511644e-11
136.2,1.8742136192449156e-11
136.4,1.7676160446284704e-11
136.6,1.6652294747456998e-11
136.79999999999998,1.5669622668930513e-11
137.,1.4727231899559932e-11
137.2,1.3824214241251617e-11
137.4,1.2959665606757276e-11
137.6,1.2132686016466057e-11
137.79999999999998,1.1342379595876597e-11
138.,1.0587854572322058e-11
138.2,9.868223272062064e-12
138.4,9.182602117041086e-12
138.6,8.530111622036652e-12
138.79999999999998,7.909876391188935e-12
139.,7.321025114621194e-12
139.2,6.762690565155018e-12
139.4,6.234009594870558e-12
139.6,5.734123131387609e-12
139.79999999999998,5.26217617485864e-12
140.,4.817317793514397e-12
140.2,4.398701120837262e-12
140.4,4.0054833511356216e-12
140.6,3.6368257362162766e-12
140.79999999999998,3.291893581059479e-12
141.,2.969856240930227e-12
141.2,2.669887115882101e-12
141.4,2.3911636484707468e-12
141.6,2.1328673184003937e-12
141.79999999999998,1.8941836395623584e-12
142.,1.6743021545672251e-12
142.2,1.4724164322703435e-12
142.4,1.287724062123269e-12
142.6,1.1194266509450953e-12
142.79999999999998,9.667298182101259e-13
143.,8.288431917839498e-13
143.2,7.049804036739333e-13
143.4,5.943590858481865e-13
143.6,4.962008653840099e-13
143.79999999999998,4.0973136079909077e-13
144.,3.341801767657334e-13
144.2,2.687809001406804e-13
144.4,2.1277109553624835e-13
144.6,1.653923001072559e-13
144.79999999999998,1.2589002023279793e-13
145.,9.351372549976641e-14
145.2,6.751684519452195e-14
145.4,4.7156762983032934e-14
145.6,3.169481259310008e-14
145.79999999999998,2.0396273128833376e-14
146.,1.2530364078745721e-14
146.2,7.370240916281725e-15
146.4,4.192990101996957e-15
146.6,2.2804434981805623e-15
146.79999999999998,1.0803403291897088e-15
147.,3.9858291669484816e-16
147.2,8.858466776089195e-17
147.4,3.769005855920193e-18
147.6,0.
147.79999999999998,0.
148.,0.
148.2,0.
148.4,0.
148.6,0.
148.79999999999998,0.
149.,0.
149.2,0.
149.4,0.
149.6,0.
149.79999999999998,0.
150.,0.
150.2,0.
150.4,0.
150.6,0.
150.79999999999998,0.
151.,0.
151.2,0.
151.4,0.
151.6,0.
151.79999999999998,0.
152.,0.
152.2,0.
152.4,0.
152.6,0.
152.79999999999998,0.
153.,0.
153.2,0.
153.4,0.
153.6,0.
153.8,0.
154.,0.
154.2,0.
154.4,0.
154.6,0.
154.8,0.
155.,0.
155.2,0.
155.4,0.
155.6,0.
155.8,0.
156.,0.
156.2,0.
156.4,0.
156.6,0.
156.8,0.
157.,0.
157.2,0.
157.4,0.
157.6,0.
157.8,0.
158.,0.
158.2,0.
158.4,0.
158.6,0.
158.8,0.
159.,0.
159.2,0.
159.4,0.
159.6,0.
159.8,0.
160.,0.
160.2,0.
160.4,0.
160.6,0.
160.8,0.
161.,0.
161.2,0.
161.4,0.
161.6,0.
161.8,0.
162.,0.
162.2,0.
162.4,0.
162.6,0.
162.8,0.
163.,0.
163.2,0.
163.4,0.
163.6,0.
163.8,0.
164.,0.
164.2,0.
164.4,0.
164.6,0.
164.8,0.
165.,0.
165.2,0.
165.4,0.
165.6,0.
165.8,0.
166.,0.
166.2,0.
166.4,0.
166.6,0.
166.8,0.
167.,0.
167.2,0.
167.4,0.
167.6,0.
167.8,0.
168.,0.
168.2,0.
168.4,0.
168.6,0.
168.8,0.
169.,0.
169.2,0.
169.4,0.
169.6,0.
169.8,0.
170.,0.
170.2,0.
170.4,0.
170.6,0.
170.8,0.
171.,0.
171.2,0.
171.4,0.
171.6,0.
171.8,0.
172.,0.
172.2,0.
172.4,0.
172.6,0.
172.8,0.
173.,0.
173.2,0.
173.4,0.
173.6,0.
173.8,0.
174.,0.
174.2,0.
174.4,0.
174.6,0.
174.8,0.
175.,0.
175.2,0.
175.4,0.
175.6,0.
175.8,0.
176.,0.
176.2,0.
176.4,0.
176.6,0.
176.8,0.
177.,0.
177.2,0.
177.4,0.
177.6,0.
177.8,0.
178.,0.
178.2,0.
178.4,0.
178.6,0.
178.8,0.
179.,0.
179.2,0.
179.4,0.
179.6,0.
179.8,0.
180.,0.
180.2,0.
180.4,0.
180.6,0.
180.8,0.
181.,0.
181.2,0.
181.4,0.
181.6,0.
181.8,0.
182.,0.
182.2,0.
182.4,0.
182.6,0.
182.8,0.
183.,0.
183.2,0.
183.4,0.
183.6,0.
183.8,0.
184.,0.
184.2,0.
184.4,0.
184.6,0.
184.8,0.
185.,0.
185.2,0.
185.4,0.
185.6,0.
185.8,0.
186.,0.
186.2,0.
186.4,0.
186.6,0.
186.8,0.
187.,0.
187.2,0.
187.4,0.
187.6,0.
187.8,0.
188.,0.
188.2,0.
188.4,0.
188.6,0.
188.8,0.
189.,0.
189.2,0.
189.4,0.
189.6,0.
189.8,0.
190.,0.
190.2,0.
190.4,0.
190.6,0.
190.8,0.
191.,0.
191.2,0.
191.4,0.
191.6,0.
191.8,0.
192.,0.
192.2,0.
192.4,0.
192.6,0.
192.8,0.
193.,0.
193.2,0.
193.4,0.
193.6,0.
193.8,0.
194.,0.
194.2,0.
194.4,0.
194.6,0.
194.8,0.
195.,0.
195.2,0.
195.4,0.
195.6,0.
195.8,0.
196.,0.
196.2,0.
196.4,0.
196.6,0.
196.8,0.
197.,0.
197.2,0.
197.4,0.
197.6,0.
197.8,0.
198.,0.
198.2,0.
198.4,0.
198.6,0.
198.8,0.
199.,0.
199.2,0.
199.4,0.
199.6,0.
199.8,0.
200.,0.
200.2,0.
200.4,0.
200.6,0.
200.8,0.
201.,0.
201.2,0.
201.4,0.
201.6,0.
201.8,0.
202.,0.
202.2,0.
202.4,0.
202.6,0.
202.8,0.
203.,0.
203.2,0.
203.4,0.
203.6,0.
203.8,0.
204.,0.
204.2,0.
204.4,0.
204.6,0.
204.8,0.
205.,0.
205.2,0.
205.4,0.
205.6,0.
205.8,0.
206.,0.
206.2,0.
206.4,0.
206.6,0.
206.8,0.
207.,0.
207.2,0.
207.4,0.
207.6,0.
207.8,0.
208.,0.
208.2,0.
208.4,0.
208.6,0.
208.8,0.
209.,0.
209.2,0.
209.4,0.
209.6,0.
209.8,0.
210.,0.
210.2,0.
210.4,0.
210.6,0.
210.8,0.
211.,0.
211.2,0.
211.4,0.
211.6,0.
211.8,0.
212.,0.
212.2,0.
212.4,0.
212.6,0.
212.8,0.
213.,0.
213.2,0.
213.4,0.
213.6,0.
213.8,0.
214.,0.
214.2,0.
214.4,0.
214.6,0.
214.8,0.
215.,0.
215.2,0.
215.4,0.
215.6,0.
215.8,0.
216.,0.
216.2,0.
216.4,0.
216.6,0.
216.8,0.
217.,0.
217.2,0.
217.4,0.
217.6,0.
217.8,0.
218.,0.
218.2,0.
218.4,0.
218.6,0.
218.8,0.
219.,0.
219.2,0.
219.4,0.
219.6,0.
219.8,0.
220.,0.
220.2,0.
220.4,0.
220.6,0.
220.8,0.
221.,0.
221.2,0.
221.4,0.
221.6,0.
221.8,0.
222.,0.
222.2,0.
222.4,0.
222.6,0.
222.8,0.
223.,0.
223.2,0.
223.4,0.
223.6,0.
223.8,0.
224.,0.
224.2,0.
224.4,0.
224.6,0.
224.8,0.
225.,0.
225.2,0.
225.4,0.
225.6,0.
225.8,0.
226.,0.
226.2,0.
226.4,0.
226.6,0.
226.8,0.
227.,0.
227.2,0.
227.4,0.
227.6,0.
227.8,0.
228.,0.
228.2,0.
228.4,0.
228.6,0.
228.8,0.
229.,0.
229.2,0.
229.4,0.
229.6,0.
229.8,0.
230.,0.
230.2,0.
230.4,0.
230.6,0.
230.8,0.
231.,0.
231.2,0.
231.4,0.
231.6,0.
231.8,0.
232.,0.
232.2,0.
232.4,0.
232.6,0.
232.8,0.
233.,0.
233.2,0.
233.4,0.
233.6,0.
233.8,0.
234.,0.
234.2,0.
234.4,0.
234.6,0.
234.8,0.
235.,0.
235.2,0.
235.4,0.
235.6,0.
235.8,0.
236.,0.
236.2,0.
236.4,0.
236.6,0.
236.8,0.
237.,0.
237.2,0.
237.4,0.
237.6,0.
237.8,0.
238.,0.
238.2,0.
238.4,0.
238.6,0.
238.8,0.
239.,0.
239.2,0.
239.4,0.
239.6,0.
239.8,0.
240.,0.
240.2,0.
240.4,0.
240.6,0.
240.8,0.
241.,0.
241.2,0.
241.4,0.
241.6,0.
241.8,0.
242.,0.
242.2,0.
242.4,0.
242.6,0.
242.8,0.
243.,0.
243.2,0.
243.4,0.
243.6,0.
243.8,0.
244.,0.
244.2,0.
244.4,0.
244.6,0.
244.8,0.
245.,0.
245.2,0.
245.4,0.
245.6,0.
245.8,0.
246.,0.
246.2,0.
246.4,0.
246.6,0.
246.8,0.
247.,0.
247.2,0.
247.4,0.
247.6,0.
247.8,0.
248.,0.
248.2,0.
248.4,0.
248.6,0.
248.8,0.
249.,0.
249.2,0.
249.4,0.
249.6,0.
249.8,0.
250.,0.
250.2,0.
250.4,0.
250.6,0.
250.8,0.
251.,0.
251.2,0.
251.4,0.
251.6,0.
251.8,0.
252.,0.
252.2,0.
252.4,0.
252.6,0.
252.8,0.
253.,0.
253.2,0.
253.4,0.
253.6,0.
253.8,0.
254.,0.
254.2,0.
254.4,0.
254.6,0.
254.8,0.
255.,0.
255.2,0.
255.4,0.
255.6,0.
255.8,0.
256.,0.
256.2,0.
256.4,0.
256.6,0.
256.8,0.
257.,0.
257.2,0.
257.4,0.
257.6,0.
257.8,0.
258.,0.
258.2,0.
258.4,0.
258.6,0.
258.8,0.
259.,0.
259.2,0.
259.4,0.
259.6,0.
259.8,0.
260.,0.
260.2,0.
260.4,0.
260.6,0.
260.8,0.
261.,0.
261.2,0.
261.4,0.
261.6,0.
261.8,0.
262.,0.
262.2,0.
262.4,0.
262.6,0.
262.8,0.
263.,0.
263.2,0.
263.4,0.
263.6,0.
263.8,0.
264.,0.
264.2,0.
264.4,0.
264.6,0.
264.8,0.
265.,0.
265.2,0.
265.4,0.
265.6,0.
265.8,0.
266.,0.
266.2,0.
266.4,0.
266.6,0.
266.8,0.
267.,0.
267.2,0.
267.4,0.
267.6,0.
267.8,0.
268.,0.
268.2,0.
268.4,0.
268.6,0.
268.8,0.
269.,0.
269.2,0.
269.4,0.
269.6,0.
269.8,0.
270.,0.
270.2,0.
270.4,0.
270.6,0.
270.8,0.
271.,0.
271.2,0.
271.4,0.
271.6,0.
271.8,0.
272.,0.
272.2,0.
272.4,0.
272.6,0.
272.8,0.
273.,0.
273.2,0.
273.4,0.
273.6,0.
273.8,0.
274.,0.
274.2,0.
274.4,0.
274.6,0.
274.8,0.
275.,0.
275.2,0.
275.4,0.
275.6,0.
275.8,0.
276.,0.
276.2,0.
276.4,0.
276.6,0.
276.8,0.
277.,0.
277.2,0.
277.4,0.
277.6,0.
277.8,0.
278.,0.
278.2,0.
278.4,0.
278.6,0.
278.8,0.
279.,0.
279.2,0.
279.4,0.
279.6,0.
279.8,0.
280.,0.
280.2,0.
280.4,0.
280.6,0.
280.8,0.
281.,0.
281.2,0.
281.4,0.
281.6,0.
281.8,0.
282.,0.
282.2,0.
282.4,0.
282.6,0.
282.8,0.
283.,0.
283.2,0.
283.4,0.
283.6,0.
283.8,0.
284.,0.
284.2,0.
284.4,0.
284.6,0.
284.8,0.
285.,0.
285.2,0.
285.4,0.
285.6,0.
285.8,0.
286.,0.
286.2,0.
286.4,0.
286.6,0.
286.8,0.
287.,0.
287.2,0.
287.4,0.
287.6,0.
287.8,0.
288.,0.
288.2,0.
288.4,0.
288.6,0.
288.8,0.
289.,0.
289.2,0.
289.4,0.
289.6,0.
289.8,0.
290.,0.
290.2,0.
290.4,0.
290.6,0.
290.8,0.
291.,0.
291.2,0.
291.4,0.
291.6,0.
291.8,0.
292.,0.
292.2,0.
292.4,0.
292.6,0.
292.8,0.
293.,0.
293.2,0.
293.4,0.
293.6,0.
293.8,0.
294.,0.
294.2,0.
294.4,0.
294.6,0.
294.8,0.
295.,0.
295.2,0.
295.4,0.
295.6,0.
295.8,0.
296.,0.
296.2,0.
296.4,0.
296.6,0.
296.8,0.
297.,0.
297.2,0.
297.4,0.
297.6,0.
297.8,0.
298.,0.
298.2,0.
298.4,0.
298.6,0.
298.8,0.
299.,0.
299.2,0.
299.4,0.
299.6,0.
299.8,0.
300.,0.
300.2,0.
300.4,0.
300.6,0.
300.8,0.
301.,0.
301.2,0.
301.4,0.
301.6,0.
301.8,0.
302.,0.
302.2,0.
302.4,0.
302.6,0.
302.8,0.
303.,0.
303.2,0.
303.4,0.
303.6,0.
303.8,0.
304.,0.
304.2,0.
304.4,0.
304.6,0.
304.8,0.
305.,0.
305.2,0.
305.4,0.
305.6,0.
305.8,0.
306.,0.
306.2,0.
306.4,0.
306.6,0.
306.8,0.
307.,0.
307.2,0.
307.40000000000003,0.
307.6,0.
307.8,0.
308.,0.
308.2,0.
308.40000000000003,0.
308.6,0.
308.8,0.
309.,0.
309.2,0.
309.40000000000003,0.
309.6,0.
309.8,0.
310.,0.
310.2,0.
310.40000000000003,0.
310.6,0.
310.8,0.
311.,0.
311.2,0.
311.40000000000003,0.
311.6,0.
311.8,0.
312.,0.
312.2,0.
312.40000000000003,0.
312.6,0.
312.8,0.
313.,0.
313.2,0.
313.40000000000003,0.
313.6,0.
313.8,0.
314.,0.
314.2,0.
314.40000000000003,0.
314.6,0.
314.8,0.
315.,0.
315.2,0.
315.40000000000003,0.
315.6,0.
315.8,0.
316.,0.
316.2,0.
316.40000000000003,0.
316.6,0.
316.8,0.
317.,0.
317.2,0.
317.40000000000003,0.
317.6,0.
317.8,0.
318.,0.
318.2,0.
318.40000000000003,0.
318.6,0.
318.8,0.
319.,0.
319.2,0.
319.40000000000003,0.
319.6,0.
319.8,0.
320.,0.
320.2,0.
320.40000000000003,0.
320.6,0.
320.8,0.
321.,0.
321.2,0.
321.40000000000003,0.
321.6,0.
321.8,0.
322.,0.
322.2,0.
322.40000000000003,0.
322.6,0.
322.8,0.
323.,0.
323.2,0.
323.40000000000003,0.
323.6,0.
323.8,0.
324.,0.
324.2,0.
324.40000000000003,0.
324.6,0.
324.8,0.
325.,0.
325.2,0.
325.40000000000003,0.
325.6,0.
325.8,0.
326.,0.
326.2,0.
326.40000000000003,0.
326.6,0.
326.8,0.
327.,0.
327.2,0.
327.40000000000003,0.
327.6,0.
327.8,0.
328.,0.
328.2,0.
328.40000000000003,0.
328.6,0.
328.8,0.
329.,0.
329.2,0.
329.40000000000003,0.
329.6,0.
329.8,0.
330.,0.
330.2,0.
330.40000000000003,0.
330.6,0.
330.8,0.
331.,0.
331.2,0.
331.40000000000003,0.
331.6,0.
331.8,0.
332.,0.
332.2,0.
332.40000000000003,0.
332.6,0.
332.8,0.
333.,0.
333.2,0.
333.40000000000003,0.
333.6,0.
333.8,0.
334.,0.
334.2,0.
334.40000000000003,0.
334.6,0.
334.8,0.
335.,0.
335.2,0.
335.40000000000003,0.
335.6,0.
335.8,0.
336.,0.
336.2,0.
336.40000000000003,0.
336.6,0.
336.8,0.
337.,0.
337.2,0.
337.40000000000003,0.
337.6,0.
337.8,0.
338.,0.
338.2,0.
338.40000000000003,0.
338.6,0.
338.8,0.
339.,0.
339.2,0.
339.40000000000003,0.
339.6,0.
339.8,0.
340.,0.
340.2,0.
340.40000000000003,0.
340.6,0.
340.8,0.
341.,0.
341.2,0.
341.40000000000003,0.
341.6,0.
341.8,0.
342.,0.
342.2,0.
342.40000000000003,0.
342.6,0.
342.8,0.
343.,0.
343.2,0.
343.40000000000003,0.
343.6,0.
343.8,0.
344.,0.
344.2,0.
344.40000000000003,0.
344.6,0.
344.8,0.
345.,0.
345.2,0.
345.40000000000003,0.
345.6,0.
345.8,0.
346.,0.
346.2,0.
346.40000000000003,0.
346.6,0.
346.8,0.
347.,0.
347.2,0.
347.40000000000003,0.
347.6,0.
347.8,0.
348.,0.
348.2,0.
348.40000000000003,0.
348.6,0.
348.8,0.
349.,0.
349.2,0.
349.40000000000003,0.
349.6,0.
349.8,0.
350.,0.
350.2,0.
350.40000000000003,0.
350.6,0.
350.8,0.
351.,0.
351.2,0.
351.40000000000003,0.
351.6,0.
351.8,0.
352.,0.
352.2,0.
352.40000000000003,0.
352.6,0.
352.8,0.
353.,0.
353.2,0.
353.40000000000003,0.
353.6,0.
353.8,0.
354.,0.
354.2,0.
354.40000000000003,0.
354.6,0.
354.8,0.
355.,0.
355.2,0.
355.40000000000003,0.
355.6,0.
355.8,0.
356.,0.
356.2,0.
356.40000000000003,0.
356.6,0.
356.8,0.
357.,0.
357.2,0.
357.40000000000003,0.
357.6,0.
357.8,0.
358.,0.
358.2,0.
358.40000000000003,0.
358.6,0.
358.8,0.
359.,0.
359.2,0.
359.40000000000003,0.
359.6,0.
359.8,0.
360.,0.
360.2,0.
360.40000000000003,0.
360.6,0.
360.8,0.
361.,0.
361.2,0.
361.40000000000003,0.
361.6,0.
361.8,0.
362.,0.
362.2,0.
362.40000000000003,0.
362.6,0.
362.8,0.
363.,0.
363.2,0.
363.40000000000003,0.
363.6,0.
363.8,0.
364.,0.
364.2,0.
364.40000000000003,0.
364.6,0.
364.8,0.
365.,0.
365.2,0.
365.40000000000003,0.
365.6,0.
365.8,0.
366.,0.
366.2,0.
366.40000000000003,0.
366.6,0.
366.8,0.
367.,0.
367.2,0.
367.40000000000003,0.
367.6,0.
367.8,0.
368.,0.
368.2,0.
368.40000000000003,0.
368.6,0.
368.8,0.
369.,0.
369.2,0.
369.40000000000003,0.
369.6,0.
369.8,0.
370.,0.
370.2,0.
370.40000000000003,0.
370.6,0.
370.8,0.
371.,0.
371.2,0.
371.40000000000003,0.
371.6,0.
371.8,0.
372.,0.
372.2,0.
372.40000000000003,0.
372.6,0.
372.8,0.
373.,0.
373.2,0.
373.40000000000003,0.
373.6,0.
373.8,0.
374.,0.
374.2,0.
374.40000000000003,0.
374.6,0.
374.8,0.
375.,0.
375.2,0.
375.40000000000003,0.
375.6,0.
375.8,0.
376.,0.
376.2,0.
376.40000000000003,0.
376.6,0.
376.8,0.
377.,0.
377.2,0.
377.40000000000003,0.
377.6,0.
377.8,0.
378.,0.
378.2,0.
378.40000000000003,0.
378.6,0.
378.8,0.
379.,0.
379.2,0.
379.40000000000003,0.
379.6,0.
379.8,0.
380.,0.
380.2,0.
380.40000000000003,0.
380.6,0.
380.8,0.
381.,0.
381.2,0.
381.40000000000003,0.
381.6,0.
381.8,0.
382.,0.
382.2,0.
382.40000000000003,0.
382.6,0.
382.8,0.
383.,0.
383.2,0.
383.40000000000003,0.
383.6,0.
383.8,0.
384.,0.
384.2,0.
384.40000000000003,0.
384.6,0.
384.8,0.
385.,0.
385.2,0.
385.40000000000003,0.
385.6,0.
385.8,0.
386.,0.
386.2,0.
386.40000000000003,0.
386.6,0.
386.8,0.
387.,0.
387.2,0.
387.40000000000003,0.
387.6,0.
387.8,0.
388.,0.
388.2,0.
388.40000000000003,0.
388.6,0.
388.8,0.
389.,0.
389.2,0.
389.40000000000003,0.
389.6,0.
389.8,0.
390.,0.
390.2,0.
390.40000000000003,0.
390.6,0.
390.8,0.
391.,0.
391.2,0.
391.40000000000003,0.
391.6,0.
391.8,0.
392.,0.
392.2,0.
392.40000000000003,0.
392.6,0.
392.8,0.
393.,0.
393.2,0.
393.40000000000003,0.
393.6,0.
393.8,0.
394.,0.
394.2,0.
394.40000000000003,0.
394.6,0.
394.8,0.
395.,0.
395.2,0.
395.40000000000003,0.
395.6,0.
395.8,0.
396.,0.
396.2,0.
396.40000000000003,0.
396.6,0.
396.8,0.
397.,0.
397.2,0.
397.40000000000003,0.
397.6,0.
397.8,0.
398.,0.
398.2,0.
398.40000000000003,0.
398.6,0.
398.8,0.
399.,0.
399.2,0.
399.40000000000003,0.
399.6,0.
399.8,0.
400.,0.
