0.01,8.760520538695356e-6
0.11,8.73968175331543e-6
0.21000000000000002,8.718885269179818e-6
0.31000000000000005,8.698131030456803e-6
0.41000000000000003,8.677418981244877e-6
0.51,8.656749065573766e-6
0.6100000000000001,8.636121227405301e-6
0.7100000000000001,8.61553541063443e-6
0.81,8.594991559090158e-6
0.91,8.574489616536443e-6
1.01,8.554029526673166e-6
1.11,8.53361123313705e-6
1.2100000000000002,8.513234679502583e-6
1.31,8.492899809282917e-6
1.4100000000000001,8.472606565930822e-6
1.51,8.452354892839569e-6
1.61,8.432144733343815e-6
1.7100000000000002,8.411976030720544e-6
1.81,8.391848728189945e-6
1.9100000000000001,8.371762768916275e-6
2.01,8.351718096008768e-6
2.11,8.331714652522538e-6
2.21,8.3117523814594e-6
2.31,8.291831225768772e-6
2.41,8.27195112834854e-6
2.51,8.252112032045916e-6
2.61,8.232313879658296e-6
2.71,8.21255661393408e-6
2.81,8.192840177573591e-6
2.91,8.17316451322984e-6
3.01,8.153529563509405e-6
3.11,8.133935270973254e-6
3.21,8.11438157813758e-6
3.31,8.094868427474608e-6
3.41,8.075395761413436e-6
3.51,8.05596352234084e-6
3.61,8.036571652602071e-6
3.71,8.017220094501684e-6
3.81,7.997908790304332e-6
3.91,7.978637682235545e-6
4.01,7.959406712482551e-6
4.11,7.940215823195045e-6
4.21,7.921064956485985e-6
4.31,7.901954054432354e-6
4.41,7.882883059075951e-6
4.51,7.863851912424162e-6
4.61,7.844860556450713e-6
4.71,7.825908933096444e-6
4.8100000000000005,7.806996984270073e-6
4.91,7.788124651848917e-6
5.01,7.769291877679696e-6
5.11,7.750498603579226e-6
5.21,7.731744771335183e-6
5.3100000000000005,7.713030322706843e-6
5.41,7.694355199425817e-6
5.51,7.675719343196751e-6
5.61,7.657122695698104e-6
5.71,7.63856519858281e-6
5.8100000000000005,7.62004679347903e-6
5.91,7.601567421990868e-6
6.01,7.583127025699049e-6
6.11,7.564725546161649e-6
6.21,7.546362924914792e-6
6.3100000000000005,7.528039103473327e-6
6.41,7.509754023331562e-6
6.51,7.491507625963891e-6
6.61,7.473299852825542e-6
6.71,7.455130645353213e-6
6.8100000000000005,7.436999944965768e-6
6.91,7.4189076930649065e-6
7.01,7.400853831035827e-6
7.11,7.382838300247902e-6
7.21,7.364861042055329e-6
7.3100000000000005,7.3469219977977915e-6
7.41,7.329021108801119e-6
7.51,7.311158316377921e-6
7.61,7.29333356182825e-6
7.71,7.275546786440239e-6
7.8100000000000005,7.257797931490721e-6
7.91,7.240086938245891e-6
8.01,7.222413747961928e-6
8.11,7.204778301885625e-6
8.21,7.187180541254984e-6
8.31,7.1696204072998835e-6
8.41,7.152097841242653e-6
8.51,7.134612784298722e-6
8.61,7.117165177677182e-6
8.71,7.099754962581456e-6
8.81,7.08238208020983e-6
8.91,7.065046471756106e-6
9.01,7.047748078410174e-6
9.11,7.030486841358599e-6
9.21,7.013262701785222e-6
9.31,6.996075600871721e-6
9.41,6.978925479798235e-6
9.51,6.961812279743888e-6
9.610000000000001,6.944735941887413e-6
9.71,6.9276964074076795e-6
9.81,6.91069361748428e-6
9.91,6.893727513298104e-6
10.01,6.876798036031869e-6
10.110000000000001,6.859905126870721e-6
10.21,6.843048727002733e-6
10.31,6.826228777619494e-6
10.41,6.809445219916645e-6
10.51,6.792697995094429e-6
10.610000000000001,6.775987044358214e-6
10.71,6.759312308919046e-6
10.81,6.74267372999417e-6
10.91,6.726071248807566e-6
11.01,6.709504806590485e-6
11.110000000000001,6.692974344581955e-6
11.21,6.6764798040293035e-6
11.31,6.660021126188706e-6
11.41,6.643598252325644e-6
11.51,6.627211123715463e-6
11.610000000000001,6.610859681643867e-6
11.71,6.594543867407412e-6
11.81,6.578263622314023e-6
11.91,6.562018887683471e-6
12.01,6.5458096048478924e-6
12.110000000000001,6.529635715152266e-6
12.21,6.513497159954907e-6
12.31,6.497393880627956e-6
12.41,6.4813258185578495e-6
12.51,6.4652929151458205e-6
12.610000000000001,6.449295111808343e-6
12.71,6.433332349977639e-6
12.81,6.41740457110213e-6
12.91,6.401511716646925e-6
13.01,6.385653728094243e-6
13.110000000000001,6.369830546943921e-6
13.21,6.354042114713854e-6
13.31,6.338288372940443e-6
13.41,6.322569263179055e-6
13.51,6.306884727004484e-6
13.610000000000001,6.291234706011383e-6
13.71,6.2756191418147e-6
13.81,6.2600379760501646e-6
13.91,6.2444911503746575e-6
14.01,6.22897860646671e-6
14.110000000000001,6.213500286026894e-6
14.21,6.198056130778277e-6
14.31,6.182646082466848e-6
14.41,6.167270082861912e-6
14.51,6.151928073756549e-6
14.610000000000001,6.136619996968029e-6
14.71,6.121345794338191e-6
14.81,6.106105407733896e-6
14.91,6.090898779047435e-6
15.01,6.075725850196911e-6
15.110000000000001,6.060586563126668e-6
15.21,6.045480859807672e-6
15.31,6.030408682237947e-6
15.41,6.015369972442923e-6
15.51,6.000364672475886e-6
15.610000000000001,5.985392724418311e-6
15.71,5.970454070380301e-6
15.81,5.955548652500943e-6
15.91,5.940676412948718e-6
16.01,5.925837293921847e-6
16.110000000000003,5.9110312376487e-6
16.21,5.896258186388167e-6
16.310000000000002,5.8815180824300154e-6
16.410000000000004,5.86681086809529e-6
16.51,5.852136485736641e-6
16.610000000000003,5.837494877738737e-6
16.71,5.8228859865185895e-6
16.810000000000002,5.808309754525939e-6
16.910000000000004,5.793766124243597e-6
17.01,5.779255038187815e-6
17.110000000000003,5.7647764389086365e-6
17.21,5.750330268990226e-6
17.310000000000002,5.73591647105126e-6
17.410000000000004,5.7215349877452375e-6
17.51,5.707185761760832e-6
17.610000000000003,5.692868735822242e-6
17.71,5.678583852689532e-6
17.810000000000002,5.66433105515895e-6
17.910000000000004,5.650110286063281e-6
18.01,5.635921488272165e-6
18.110000000000003,5.621764604692449e-6
18.21,5.60763957826848e-6
18.310000000000002,5.593546351982463e-6
18.410000000000004,5.579484868854757e-6
18.51,5.56545507194422e-6
18.610000000000003,5.551456904348514e-6
18.71,5.537490309204407e-6
18.810000000000002,5.5235552296881084e-6
18.910000000000004,5.509651609015587e-6
19.01,5.495779390442842e-6
19.110000000000003,5.481938517266251e-6
19.210000000000004,5.468128932822842e-6
19.310000000000002,5.4543505804906274e-6
19.410000000000004,5.440603403688868e-6
19.51,5.426887345878395e-6
19.610000000000003,5.413202350561913e-6
19.710000000000004,5.3995483612842635e-6
19.810000000000002,5.385925321632744e-6
19.910000000000004,5.372333175237368e-6
20.01,5.358771865771194e-6
20.110000000000003,5.345241336950575e-6
20.210000000000004,5.3317415325354405e-6
20.310000000000002,5.3182723963296176e-6
20.410000000000004,5.3048338721810445e-6
20.51,5.291425903982108e-6
20.610000000000003,5.2780484356698825e-6
20.710000000000004,5.264701411226405e-6
20.810000000000002,5.251384774678969e-6
20.910000000000004,5.238098470100368e-6
21.01,5.224842441609159e-6
21.110000000000003,5.211616633369948e-6
21.210000000000004,5.198420989593626e-6
21.310000000000002,5.185255454537657e-6
21.410000000000004,5.1721199725063114e-6
21.51,5.159014487850942e-6
21.610000000000003,5.145938944970213e-6
21.710000000000004,5.132893288310373e-6
21.810000000000002,5.119877462365496e-6
21.910000000000004,5.1068914116777395e-6
22.01,5.093935080837564e-6
22.110000000000003,5.081008414484013e-6
22.210000000000004,5.0681113573049245e-6
22.310000000000002,5.055243854037186e-6
22.410000000000004,5.042405849466968e-6
22.51,5.0295972884299704e-6
22.610000000000003,5.016818115811639e-6
22.710000000000004,5.004068276547406e-6
22.810000000000002,4.991347715622926e-6
22.910000000000004,4.978656378074301e-6
23.01,4.965994208988303e-6
23.110000000000003,4.953361153502608e-6
23.210000000000004,4.940757156806001e-6
23.310000000000002,4.928182164138622e-6
23.410000000000004,4.915636120792167e-6
23.51,4.9031189721101095e-6
23.610000000000003,4.8906306634879225e-6
23.710000000000004,4.878171140373286e-6
23.810000000000002,4.865740348266303e-6
23.910000000000004,4.853338232719701e-6
24.01,4.840964739339058e-6
24.110000000000003,4.828619813782989e-6
24.210000000000004,4.816303401763366e-6
24.310000000000002,4.804015449045521e-6
24.410000000000004,4.791755901448429e-6
24.51,4.779524704844932e-6
24.610000000000003,4.767321805161923e-6
24.710000000000004,4.755147148380547e-6
24.810000000000002,4.743000680536393e-6
24.910000000000004,4.730882347719693e-6
25.01,4.718792096075503e-6
25.110000000000003,4.7067298718039035e-6
25.210000000000004,4.694695621160177e-6
25.310000000000002,4.682689290454993e-6
25.410000000000004,4.670710826054623e-6
25.51,4.658760174381069e-6
25.610000000000003,4.646837281912301e-6
25.710000000000004,4.634942095182393e-6
25.810000000000002,4.623074560781732e-6
25.910000000000004,4.611234625357166e-6
26.01,4.599422235612208e-6
26.110000000000003,4.587637338307183e-6
26.210000000000004,4.575879880259425e-6
26.310000000000002,4.564149808343422e-6
26.410000000000004,4.552447069491001e-6
26.51,4.540771610691488e-6
26.610000000000003,4.529123378991878e-6
26.710000000000004,4.517502321496993e-6
26.810000000000002,4.505908385369651e-6
26.910000000000004,4.4943415178308115e-6
27.01,4.482801666159757e-6
27.110000000000003,4.471288777694236e-6
27.210000000000004,4.459802799830621e-6
27.310000000000002,4.448343680024068e-6
27.410000000000004,4.436911365788659e-6
27.51,4.425505804697564e-6
27.610000000000003,4.414126944383186e-6
27.710000000000004,4.402774732537314e-6
27.810000000000002,4.391449116911266e-6
27.910000000000004,4.380150045316032e-6
28.01,4.368877465622425e-6
28.110000000000003,4.357631325761222e-6
28.210000000000004,4.346411573723299e-6
28.310000000000002,4.335218157559777e-6
28.410000000000004,4.324051025382161e-6
28.51,4.312910125362477e-6
28.610000000000003,4.301795405733399e-6
28.710000000000004,4.290706814788396e-6
28.810000000000002,4.279644300881851e-6
28.910000000000004,4.268607812429212e-6
29.01,4.257597297907098e-6
29.110000000000003,4.24661270585344e-6
29.210000000000004,4.23565398486762e-6
29.310000000000002,4.2247210836105734e-6
29.410000000000004,4.213813950804923e-6
29.51,4.202932535235116e-6
29.610000000000003,4.1920767857475185e-6
29.710000000000004,4.181246651250564e-6
29.810000000000002,4.170442080714854e-6
29.910000000000004,4.159663023173279e-6
30.01,4.148909427721144e-6
30.110000000000003,4.138181243516269e-6
30.210000000000004,4.127478419779125e-6
30.310000000000002,4.116800905792915e-6
30.410000000000004,4.106148650903715e-6
30.51,4.095521604520571e-6
30.610000000000003,4.084919716115606e-6
30.710000000000004,4.074342935224132e-6
30.810000000000002,4.063791211444754e-6
30.910000000000004,4.053264494439475e-6
31.01,4.042762733933806e-6
31.110000000000003,4.03228587971685e-6
31.210000000000004,4.021833881641433e-6
31.310000000000002,4.011406689624174e-6
31.410000000000004,4.001004253645603e-6
31.51,3.99062652375025e-6
31.610000000000003,3.9802734500467425e-6
31.710000000000004,3.969944982707911e-6
31.810000000000002,3.9596410719708655e-6
31.910000000000004,3.949361668137093e-6
32.01,3.939106721572564e-6
32.11,3.9288761827078044e-6
32.21,3.918670002037997e-6
32.31,3.908488130123063e-6
32.41,3.898330517587742e-6
32.51,3.888197115121701e-6
32.61,3.878087873479595e-6
32.71,3.8680027434811625e-6
32.81,3.857941676011305e-6
32.91,3.84790462202017e-6
33.01,3.837891532523224e-6
33.11,3.827902358601342e-6
33.21,3.817937051400881e-6
33.31,3.8079955621337554e-6
33.41,3.798077842077509e-6
33.51,3.7881838425753967e-6
33.61,3.7783135150364566e-6
33.71,3.7684668109355776e-6
33.81,3.7586436818135784e-6
33.91,3.748844079277269e-6
34.01,3.7390679549995263e-6
34.11,3.7293152607193583e-6
34.21,3.719585948241977e-6
34.31,3.709879969438853e-6
34.41,3.7001972762477987e-6
34.51,3.690537820673012e-6
34.61,3.680901554785144e-6
34.71,3.6712884307213825e-6
34.81,3.6616984006854823e-6
34.91,3.6521314169478445e-6
35.01,3.6425874318455616e-6
35.11,3.6330663977824915e-6
35.21,3.6235682672293004e-6
35.31,3.6140929927235294e-6
35.41,3.6046405268696373e-6
35.51,3.595210822339067e-6
35.61,3.5858038318702875e-6
35.71,3.576419508268856e-6
35.81,3.567057804407464e-6
35.91,3.557718673225973e-6
36.01,3.5484020677315016e-6
36.11,3.539107940998428e-6
36.21,3.529836246168468e-6
36.31,3.5205869364507162e-6
36.41,3.5113599651216783e-6
36.51,3.5021552855253273e-6
36.61,3.4929728510731453e-6
36.71,3.4838126152441654e-6
36.81,3.474674531585005e-6
36.91,3.465558553709921e-6
37.01,3.4564646353008403e-6
37.11,3.4473927301074016e-6
37.21,3.438342791946992e-6
37.31,3.429314774704781e-6
37.41,3.420308632333768e-6
37.51,3.4113243188548013e-6
37.61,3.402361788356627e-6
37.71,3.393420994995918e-6
37.81,3.3845018929972983e-6
37.91,3.375604436653391e-6
38.01,3.366728580324833e-6
38.11,3.357874278440316e-6
38.21,3.3490414854966134e-6
38.31,3.340230156058609e-6
38.410000000000004,3.3314402447593183e-6
38.51,3.3226717062999264e-6
38.61,3.313924495449802e-6
38.71,3.3051985670465382e-6
38.81,3.2964938759959532e-6
38.910000000000004,3.2878103772721415e-6
39.01,3.2791480259174812e-6
39.11,3.270506777042648e-6
39.21,3.2618865858266567e-6
39.31,3.2532874075168697e-6
39.410000000000004,3.244709197429013e-6
39.51,3.2361519109472038e-6
39.61,3.2276155035239693e-6
39.71,3.219099930680248e-6
39.81,3.210605148005427e-6
39.910000000000004,3.202131111157346e-6
40.01,3.1936777758623142e-6
40.11,3.185245097915124e-6
40.21,3.176833033179069e-6
40.31,3.168441537585947e-6
40.410000000000004,3.160070567136084e-6
40.51,3.1517200778983357e-6
40.61,3.1433900260101003e-6
40.71,3.135080367677333e-6
40.81,3.1267910591745554e-6
40.910000000000004,3.118522056844851e-6
41.01,3.1102733170998882e-6
41.11,3.1020447964199183e-6
41.21,3.0938364513537838e-6
41.31,3.085648238518928e-6
41.410000000000004,3.0774801146013907e-6
41.51,3.0693320363558247e-6
41.61,3.0612039606054833e-6
41.71,3.0530958442422377e-6
41.81,3.0450076442265727e-6
41.910000000000004,3.0369393175875866e-6
42.01,3.028890821422995e-6
42.11,3.020862112899127e-6
42.21,3.0128531492509333e-6
42.31,3.004863887781968e-6
42.410000000000004,2.9968942858644106e-6
42.51,2.9889443009390373e-6
42.61,2.98101389051524e-6
42.71,2.973103012171003e-6
42.81,2.965211623552917e-6
42.910000000000004,2.957339682376161e-6
43.01,2.9494871464245004e-6
43.11,2.9416539735502783e-6
43.21,2.933840121674418e-6
43.31,2.9260455487863977e-6
43.410000000000004,2.918270212944254e-6
43.51,2.9105140722745837e-6
43.61,2.902777084972503e-6
43.71,2.8950592093016676e-6
43.81,2.8873604035942467e-6
43.910000000000004,2.879680626250918e-6
44.01,2.872019835740848e-6
44.11,2.864377990601687e-6
44.21,2.856755049439549e-6
44.31,2.8491509709290105e-6
44.410000000000004,2.8415657138130797e-6
44.51,2.833999236903191e-6
44.61,2.8264514990791886e-6
44.71,2.818922459289313e-6
44.81,2.8114120765501755e-6
44.910000000000004,2.8039203099467523e-6
45.01,2.796447118632354e-6
45.11,2.78899246182862e-6
45.21,2.781556298825492e-6
45.31,2.7741385889811967e-6
45.410000000000004,2.7667392917222214e-6
45.51,2.7593583665433074e-6
45.61,2.751995773007407e-6
45.71,2.7446514707456864e-6
45.81,2.737325419457478e-6
45.910000000000004,2.7300175789102836e-6
46.01,2.722727908939732e-6
46.11,2.7154563694495603e-6
46.21,2.708202920411594e-6
46.31,2.70096752186572e-6
46.410000000000004,2.6937501339198598e-6
46.51,2.686550716749941e-6
46.61,2.6793692305998866e-6
46.71,2.672205635781561e-6
46.81,2.665059892674769e-6
46.910000000000004,2.6579319617272123e-6
47.01,2.650821803454468e-6
47.11,2.6437293784399585e-6
47.21,2.63665464733492e-6
47.31,2.629597570858371e-6
47.410000000000004,2.622558109797096e-6
47.51,2.615536225005595e-6
47.61,2.6085318774060634e-6
47.71,2.601545027988364e-6
47.81,2.5945756378099843e-6
47.910000000000004,2.587623667996013e-6
48.01,2.580689079739098e-6
48.11,2.5737718342994244e-6
48.21,2.5668718930046713e-6
48.31,2.5599892172499795e-6
48.410000000000004,2.5531237684979232e-6
48.51,2.546275508278464e-6
48.61,2.5394443981889206e-6
48.71,2.532630399893933e-6
48.81,2.525833475125433e-6
48.910000000000004,2.519053585682588e-6
49.01,2.5122906934317823e-6
49.11,2.5055447603065697e-6
49.21,2.498815748307641e-6
49.31,2.492103619502778e-6
49.410000000000004,2.4854083360268223e-6
49.51,2.478729860081628e-6
49.61,2.472068153936024e-6
49.71,2.465423179925784e-6
49.81,2.4587949004535694e-6
49.910000000000004,2.4521832779888985e-6
50.01,2.445588275068101e-6
50.11,2.439009854294273e-6
50.21,2.432447978337252e-6
50.31,2.425902609933545e-6
50.410000000000004,2.4193737118863104e-6
50.51,2.4128612470653066e-6
50.61,2.406365178406839e-6
50.71,2.39988546891373e-6
50.81,2.3934220816552653e-6
50.910000000000004,2.3869749797671515e-6
51.01,2.3805441264514763e-6
51.11,2.374129484976644e-6
51.21,2.3677310186773514e-6
51.31,2.3613486909545337e-6
51.410000000000004,2.354982465275312e-6
51.51,2.348632305172948e-6
51.61,2.3422981742468046e-6
51.71,2.3359800361622883e-6
51.81,2.3296778546508028e-6
51.910000000000004,2.3233915935097054e-6
52.01,2.31712121660225e-6
52.11,2.310866687857549e-6
52.21,2.304627971270511e-6
52.31,2.298405030901798e-6
52.410000000000004,2.292197830877775e-6
52.51,2.286006335390456e-6
52.61,2.279830508697457e-6
52.71,2.273670315121938e-6
52.81,2.2675257190525636e-6
52.910000000000004,2.261396684943435e-6
53.01,2.2552831773140524e-6
53.11,2.2491851607492514e-6
53.21,2.2431025998991547e-6
53.31,2.237035459479123e-6
53.410000000000004,2.2309837042696894e-6
53.51,2.2249472991165198e-6
53.61,2.2189262089303486e-6
53.71,2.2129203986869244e-6
53.81,2.2069298334269695e-6
53.910000000000004,2.2009544782560987e-6
54.01,2.1949942983447894e-6
54.11,2.1890492589283078e-6
54.21,2.1831193253066687e-6
54.31,2.177204462844563e-6
54.410000000000004,2.171304636971311e-6
54.51,2.1654198131808054e-6
54.61,2.1595499570314525e-6
54.71,2.1536950341461087e-6
54.81,2.147855010212033e-6
54.910000000000004,2.1420298509808286e-6
55.01,2.136219522268371e-6
55.11,2.1304239899547625e-6
55.21,2.1246432199842757e-6
55.31,2.1188771783652793e-6
55.410000000000004,2.113125831170196e-6
55.51,2.107389144535429e-6
55.61,2.101667084661312e-6
55.71,2.095959617812041e-6
55.81,2.0902667103156204e-6
55.910000000000004,2.0845883285638024e-6
56.01,2.0789244390120193e-6
56.11,2.0732750081793284e-6
56.21,2.0676400026483507e-6
56.31,2.0620193890652044e-6
56.410000000000004,2.0564131341394474e-6
56.51,2.0508212046440154e-6
56.61,2.045243567415154e-6
56.71,2.0396801893523654e-6
56.81,2.034131037418337e-6
56.910000000000004,2.0285960786388783e-6
57.01,2.0230752801028695e-6
57.11,2.0175686089621824e-6
57.21,2.012076032431626e-6
57.31,2.0065975177888784e-6
57.410000000000004,2.001133032374426e-6
57.51,1.9956825435914976e-6
57.61,1.990246018905999e-6
57.71,1.984823425846446e-6
57.81,1.9794147320039075e-6
57.910000000000004,1.974019905031927e-6
58.01,1.9686389126464723e-6
58.11,1.96327172262586e-6
58.21,1.9579183028106855e-6
58.31,1.9525786211037726e-6
58.410000000000004,1.947252645470091e-6
58.51,1.9419403439367e-6
58.61,1.9366416845926747e-6
58.71,1.9313566355890464e-6
58.81,1.9260851651387283e-6
58.910000000000004,1.920827241516453e-6
59.01,1.9155828330587026e-6
59.11,1.9103519081636446e-6
59.21,1.9051344352910552e-6
59.31,1.8999303829622634e-6
59.410000000000004,1.8947397197600709e-6
59.51,1.8895624143286968e-6
59.61,1.8843984353736904e-6
59.71,1.8792477516618843e-6
59.81,1.8741103320213086e-6
59.910000000000004,1.8689861453411282e-6
60.01,1.8638751605715689e-6
60.11,1.8587773467238622e-6
60.21,1.8536926728701546e-6
60.31,1.848621108143452e-6
60.410000000000004,1.8435626217375476e-6
60.51,1.8385171829069484e-6
60.61,1.833484760966801e-6
60.71,1.8284653252928403e-6
60.81,1.8234588453212888e-6
60.910000000000004,1.8184652905488123e-6
61.01,1.8134846305324365e-6
61.11,1.8085168348894731e-6
61.21,1.8035618732974577e-6
61.31,1.798619715494073e-6
61.410000000000004,1.7936903312770764e-6
61.51,1.7887736905042304e-6
61.61,1.7838697630932307e-6
61.71,1.778978519021634e-6
61.81,1.7740999283267775e-6
61.910000000000004,1.7692339611057252e-6
62.01,1.7643805875151794e-6
62.11,1.7595397777714097e-6
62.21,1.754711502150188e-6
62.31,1.74989573098671e-6
62.410000000000004,1.7450924346755233e-6
62.51,1.7403015836704495e-6
62.61,1.7355231484845228e-6
62.71,1.7307570996899038e-6
62.81,1.7260034079178109e-6
62.910000000000004,1.7212620438584529e-6
63.01,1.716532978260941e-6
63.11,1.7118161819332253e-6
63.21,1.707111625742025e-6
63.31,1.7024192806127395e-6
63.410000000000004,1.6977391175293835e-6
63.51,1.693071107534513e-6
63.61,1.6884152217291485e-6
63.71,1.6837714312727e-6
63.81,1.6791397073828914e-6
63.910000000000004,1.67452002133569e-6
64.01,1.669912344465225e-6
64.11000000000001,1.665316648163719e-6
64.21000000000001,1.6607329038814058e-6
64.31,1.656161083126464e-6
64.41000000000001,1.6516011574649282e-6
64.51,1.647053098520629e-6
64.61000000000001,1.6425168779751046e-6
64.71000000000001,1.6379924675675357e-6
64.81,1.633479839094657e-6
64.91000000000001,1.628978964410692e-6
65.01,1.6244898154272744e-6
65.11000000000001,1.6200123641133674e-6
65.21000000000001,1.6155465824951948e-6
65.31,1.6110924426561562e-6
65.41000000000001,1.6066499167367554e-6
65.51,1.6022189769345275e-6
65.61000000000001,1.5977995955039538e-6
65.71000000000001,1.5933917447563877e-6
65.81,1.5889953970599867e-6
65.91000000000001,1.58461052483962e-6
66.01,1.5802371005768051e-6
66.11000000000001,1.5758750968096209e-6
66.21000000000001,1.5715244861326439e-6
66.31,1.5671852411968479e-6
66.41000000000001,1.5628573347095505e-6
66.51,1.5585407394343268e-6
66.61000000000001,1.5542354281909236e-6
66.71000000000001,1.5499413738552007e-6
66.81,1.5456585493590265e-6
66.91000000000001,1.5413869276902275e-6
67.01,1.5371264818924978e-6
67.11000000000001,1.5328771850653146e-6
67.21000000000001,1.5286390103638738e-6
67.31,1.5244119309990079e-6
67.41000000000001,1.520195920237097e-6
67.51,1.515990951400011e-6
67.61000000000001,1.5117969978650103e-6
67.71000000000001,1.5076140330646826e-6
67.81,1.5034420304868579e-6
67.91000000000001,1.4992809636745297e-6
68.01,1.495130806225781e-6
68.11000000000001,1.4909915317937034e-6
68.21000000000001,1.4868631140863134e-6
68.31,1.4827455268664848e-6
68.41000000000001,1.4786387439518604e-6
68.51,1.4745427392147751e-6
68.61000000000001,1.4704574865821802e-6
68.71000000000001,1.4663829600355668e-6
68.81,1.4623191336108768e-6
68.91000000000001,1.4582659813984337e-6
69.01,1.4542234775428602e-6
69.11000000000001,1.4501915962429957e-6
69.21000000000001,1.4461703117518254e-6
69.31,1.4421595983763926e-6
69.41000000000001,1.4381594304777245e-6
69.51,1.4341697824707513e-6
69.61000000000001,1.4301906288242293e-6
69.71000000000001,1.4262219440606556e-6
69.81,1.4222637027561965e-6
69.91000000000001,1.4183158795406016e-6
70.01,1.41437844909713e-6
70.11000000000001,1.4104513861624634e-6
70.21000000000001,1.4065346655266354e-6
70.31,1.4026282620329444e-6
70.41000000000001,1.3987321505778778e-6
70.51,1.3948463061110348e-6
70.61000000000001,1.3909707036350382e-6
70.71000000000001,1.3871053182054644e-6
70.81,1.383250124930758e-6
70.91000000000001,1.3794050989721534e-6
71.01,1.3755702155435966e-6
71.11000000000001,1.3717454499116581e-6
71.21000000000001,1.367930777395468e-6
71.31,1.3641261733666187e-6
71.41000000000001,1.3603316132490969e-6
71.51,1.3565470725192013e-6
71.61000000000001,1.352772526705459e-6
71.71000000000001,1.3490079513885483e-6
71.81,1.3452533222012164e-6
71.91000000000001,1.3415086148282065e-6
72.01,1.3377738050061673e-6
72.11000000000001,1.3340488685235808e-6
72.21000000000001,1.33033378122068e-6
72.31,1.3266285189893673e-6
72.41000000000001,1.322933057773131e-6
72.51,1.3192473735669823e-6
72.61000000000001,1.3155714424173483e-6
72.71000000000001,1.3119052404220126e-6
72.81,1.308248743730032e-6
72.91000000000001,1.304601928541646e-6
73.01,1.3009647711082073e-6
73.11000000000001,1.2973372477320965e-6
73.21000000000001,1.2937193347666468e-6
73.31,1.2901110086160541e-6
73.41000000000001,1.2865122457353071e-6
73.51,1.2829230226301028e-6
73.61000000000001,1.2793433158567627e-6
73.71000000000001,1.275773102022163e-6
73.81,1.2722123577836403e-6
73.91000000000001,1.2686610598489213e-6
74.01,1.2651191849760415e-6
74.11000000000001,1.2615867099732606e-6
74.21000000000001,1.2580636116989855e-6
74.31,1.254549867061692e-6
74.41000000000001,1.2510454530198367e-6
74.51,1.247550346581786e-6
74.61000000000001,1.2440645248057311e-6
74.71000000000001,1.2405879647996082e-6
74.81,1.237120643721018e-6
74.91000000000001,1.2336625387771462e-6
75.01,1.2302136272246815e-6
75.11000000000001,1.2267738863697407e-6
75.21000000000001,1.2233432935677812e-6
75.31,1.2199218262235252e-6
75.41000000000001,1.2165094617908775e-6
75.51,1.2131061777728468e-6
75.61000000000001,1.2097119517214663e-6
75.71000000000001,1.2063267612377115e-6
75.81,1.2029505839714178e-6
75.91000000000001,1.199583397621208e-6
76.01,1.196225179934401e-6
76.11000000000001,1.1928759087069435e-6
76.21000000000001,1.1895355617833244e-6
76.31,1.1862041170564903e-6
76.41000000000001,1.1828815524677728e-6
76.51,1.1795678460068025e-6
76.61000000000001,1.176262975711436e-6
76.71000000000001,1.1729669196676678e-6
76.81000000000002,1.1696796560095555e-6
76.91000000000001,1.1664011629191387e-6
77.01,1.163131418626358e-6
77.11000000000001,1.1598704014089733e-6
77.21000000000001,1.1566180895924902e-6
77.31000000000002,1.1533744615500749e-6
77.41000000000001,1.1501394957024726e-6
77.51,1.1469131705179347e-6
77.61000000000001,1.1436954645121284e-6
77.71000000000001,1.1404863562480697e-6
77.81000000000002,1.1372858243360338e-6
77.91000000000001,1.134093847433478e-6
78.01,1.1309104042449627e-6
78.11000000000001,1.1277354735220714e-6
78.21000000000001,1.1245690340633321e-6
78.31000000000002,1.121411064714132e-6
78.41000000000001,1.1182615443666496e-6
78.51,1.1151204519597596e-6
78.61000000000001,1.111987766478965e-6
78.71000000000001,1.1088634669563151e-6
78.81000000000002,1.1057475324703234e-6
78.91000000000001,1.102639942145888e-6
79.01,1.0995406751542147e-6
79.11000000000001,1.0964497107127375e-6
79.21000000000001,1.0933670280850358e-6
79.31000000000002,1.0902926065807557e-6
79.41000000000001,1.0872264255555388e-6
79.51,1.0841684644109282e-6
79.61000000000001,1.0811187025943027e-6
79.71000000000001,1.0780771195987877e-6
79.81000000000002,1.0750436949631853e-6
79.91000000000001,1.0720184082718854e-6
80.01,1.069001239154794e-6
80.11000000000001,1.0659921672872525e-6
80.21000000000001,1.0629911723899504e-6
80.31000000000002,1.059998234228863e-6
80.41000000000001,1.0570133326151582e-6
80.51,1.0540364474051216e-6
80.61000000000001,1.0510675585000762e-6
80.71000000000001,1.0481066458463115e-6
80.81000000000002,1.0451536894349933e-6
80.91000000000001,1.0422086693020921e-6
81.01,1.0392715655283027e-6
81.11000000000001,1.036342358238965e-6
81.21000000000001,1.0334210276039854e-6
81.31000000000002,1.0305075538377572e-6
81.41000000000001,1.0276019171990862e-6
81.51,1.0247040979911084e-6
81.61000000000001,1.0218140765612073e-6
81.71000000000001,1.0189318333009492e-6
81.81000000000002,1.0160573486459882e-6
81.91000000000001,1.0131906030760015e-6
82.01,1.0103315771146001e-6
82.11000000000001,1.007480251329262e-6
82.21000000000001,1.0046366063312425e-6
82.31000000000002,1.0018006227755017e-6
82.41000000000001,9.989722813606317e-7
82.51,9.961515628287668e-7
82.61000000000001,9.933384479655116e-7
82.71000000000001,9.90532917599868e-7
82.81000000000002,9.877349526041482e-7
82.91000000000001,9.849445338939041e-7
83.01,9.821616424278424e-7
83.11000000000001,9.793862592077536e-7
83.21000000000001,9.766183652784347e-7
83.31000000000002,9.738579417276e-7
83.41000000000001,9.71104969685821e-7
83.51,9.683594303264333e-7
83.61000000000001,9.6562130486547e-7
83.71000000000001,9.628905745615776e-7
83.81000000000002,9.60167220715941e-7
83.91000000000001,9.574512246722096e-7
84.01,9.547425678164109e-7
84.11000000000001,9.520412315768836e-7
84.21000000000001,9.493471974241949e-7
84.31000000000002,9.466604468710629e-7
84.41000000000001,9.439809614722847e-7
84.51,9.413087228246515e-7
84.61000000000001,9.386437125668781e-7
84.71000000000001,9.359859123795248e-7
84.81000000000002,9.333353039849195e-7
84.91000000000001,9.306918691470812e-7
85.01,9.280555896716419e-7
85.11000000000001,9.254264474057751e-7
85.21000000000001,9.22804424238111e-7
85.31000000000002,9.201895020986693e-7
85.41000000000001,9.17581662958777e-7
85.51,9.1498088883099e-7
85.61000000000001,9.123871617690239e-7
85.71000000000001,9.098004638676742e-7
85.81000000000002,9.072207772627363e-7
85.91000000000001,9.046480841309362e-7
86.01,9.02082366689851e-7
86.11000000000001,8.995236071978308e-7
86.21000000000001,8.969717879539284e-7
86.31000000000002,8.944268912978174e-7
86.41000000000001,8.918888996097213e-7
86.51,8.893577953103342e-7
86.61000000000001,8.868335608607473e-7
86.71000000000001,8.84316178762375e-7
86.81000000000002,8.81805631556872e-7
86.91000000000001,8.793019018260673e-7
87.01,8.768049721918845e-7
87.11000000000001,8.743148253162617e-7
87.21000000000001,8.718314439010874e-7
87.31000000000002,8.693548106881148e-7
87.41000000000001,8.668849084588918e-7
87.51,8.644217200346859e-7
87.61000000000001,8.619652282764073e-7
87.71000000000001,8.595154160845355e-7
87.81000000000002,8.570722663990428e-7
87.91000000000001,8.546357621993233e-7
88.01,8.522058865041147e-7
88.11000000000001,8.497826223714222e-7
88.21000000000001,8.473659528984505e-7
88.31000000000002,8.449558612215222e-7
88.41000000000001,8.425523305160076e-7
88.51,8.401553439962492e-7
88.61000000000001,8.377648849154865e-7
88.71000000000001,8.353809365657857e-7
88.81000000000002,8.330034822779582e-7
88.91000000000001,8.306325054214956e-7
89.01,8.282679894044874e-7
89.11000000000001,8.259099176735537e-7
89.21000000000001,8.235582737137661e-7
89.31000000000002,8.212130410485785e-7
89.41000000000001,8.188742032397509e-7
89.51,8.165417438872744e-7
89.61000000000001,8.142156466293022e-7
89.71000000000001,8.11895895142073e-7
89.81000000000002,8.09582473139837e-7
89.91000000000001,8.072753643747837e-7
90.01,8.049745526369715e-7
90.11000000000001,8.02680021754245e-7
90.21000000000001,8.003917555921787e-7
90.31000000000002,7.981097380539851e-7
90.41000000000001,7.958339530804566e-7
90.51,7.935643846498838e-7
90.61000000000001,7.913010167779869e-7
90.71000000000001,7.890438335178407e-7
90.81000000000002,7.86792818959806e-7
90.91000000000001,7.84547957231451e-7
91.01,7.823092324974841e-7
91.11000000000001,7.800766289596798e-7
91.21000000000001,7.778501308568047e-7
91.31000000000002,7.756297224645472e-7
91.41000000000001,7.734153880954474e-7
91.51,7.712071120988183e-7
91.61000000000001,7.690048788606834e-7
91.71000000000001,7.66808672803694e-7
91.81000000000002,7.646184783870692e-7
91.91000000000001,7.624342801065126e-7
92.01,7.602560624941484e-7
92.11000000000001,7.580838101184474e-7
92.21000000000001,7.559175075841563e-7
92.31000000000002,7.537571395322229e-7
92.41000000000001,7.516026906397321e-7
92.51,7.494541456198265e-7
92.61000000000001,7.473114892216385e-7
92.71000000000001,7.451747062302227e-7
92.81000000000002,7.430437814664799e-7
92.91000000000001,7.409186997870865e-7
93.01,7.387994460844292e-7
93.11000000000001,7.366860052865264e-7
93.21000000000001,7.345783623569646e-7
93.31000000000002,7.324765022948224e-7
93.41000000000001,7.303804101346029e-7
93.51,7.282900709461637e-7
93.61000000000001,7.262054698346456e-7
93.71000000000001,7.241265919404008e-7
93.81000000000002,7.220534224389251e-7
93.91000000000001,7.199859465407883e-7
94.01,7.179241494915614e-7
94.11000000000001,7.158680165717487e-7
94.21000000000001,7.138175330967176e-7
94.31000000000002,7.117726844166282e-7
94.41000000000001,7.097334559163678e-7
94.51,7.076998330154723e-7
94.61000000000001,7.056718011680659e-7
94.71000000000001,7.036493458627877e-7
94.81000000000002,7.016324526227221e-7
94.91000000000001,6.99621107005331e-7
95.01,6.97615294602383e-7
95.11000000000001,6.956150010398865e-7
95.21000000000001,6.93620211978019e-7
95.31000000000002,6.916309131110579e-7
95.41000000000001,6.896470901673136e-7
95.51,6.876687289090621e-7
95.61000000000001,6.856958151324687e-7
95.71000000000001,6.837283346675299e-7
95.81000000000002,6.817662733779979e-7
95.91000000000001,6.79809617161314e-7
96.01,6.778583519485427e-7
96.11000000000001,6.759124637042982e-7
96.21000000000001,6.739719384266825e-7
96.31000000000002,6.720367621472148e-7
96.41000000000001,6.701069209307607e-7
96.51,6.681824008754694e-7
96.61000000000001,6.662631881127022e-7
96.71000000000001,6.64349268806967e-7
96.81000000000002,6.624406291558514e-7
96.91000000000001,6.605372553899511e-7
97.01,6.586391337728058e-7
97.11000000000001,6.567462506008338e-7
97.21000000000001,6.548585922032609e-7
97.31000000000002,6.529761449420545e-7
97.41000000000001,6.510988952118577e-7
97.51,6.492268294399207e-7
97.61000000000001,6.473599340860354e-7
97.71000000000001,6.454981956424676e-7
97.81000000000002,6.436416006338922e-7
97.91000000000001,6.417901356173248e-7
98.01,6.39943787182055e-7
98.11000000000001,6.381025419495805e-7
98.21000000000001,6.362663865735433e-7
98.31000000000002,6.344353077396579e-7
98.41000000000001,6.326092921656522e-7
98.51,6.307883266011946e-7
98.61000000000001,6.28972397827833e-7
98.71000000000001,6.271614926589271e-7
98.81000000000002,6.253555979395827e-7
98.91000000000001,6.235547005465865e-7
99.01,6.217587873883386e-7
99.11000000000001,6.199678454047901e-7
99.21000000000001,6.181818615673765e-7
99.31000000000002,6.164008228789511e-7
99.41000000000001,6.146247163737211e-7
99.51,6.128535291171822e-7
99.61000000000001,6.110872482060535e-7
99.71000000000001,6.093258607682142e-7
99.81000000000002,6.075693539626343e-7
99.91000000000001,6.058177149793149e-7
100.01,6.040709310392212e-7
100.11000000000001,6.023289893942169e-7
100.21000000000001,6.005918773270037e-7
100.31000000000002,5.98859582151051e-7
100.41000000000001,5.971320912105363e-7
100.51,5.954093918802803e-7
100.61000000000001,5.936914715656812e-7
100.71000000000001,5.919783177026509e-7
100.81000000000002,5.902699177575536e-7
100.91000000000001,5.885662592271383e-7
101.01,5.868673296384777e-7
101.11000000000001,5.851731165489027e-7
101.21000000000001,5.834836075459422e-7
101.31000000000002,5.817987902472546e-7
101.41000000000001,5.801186523005696e-7
101.51,5.784431813836205e-7
101.61000000000001,5.767723652040846e-7
101.71000000000001,5.751061914995179e-7
101.81000000000002,5.734446480372916e-7
101.91000000000001,5.717877226145324e-7
102.01,5.701354030580576e-7
102.11000000000001,5.684876772243098e-7
102.21000000000001,5.668445329993003e-7
102.31000000000002,5.652059582985407e-7
102.41000000000001,5.63571941066985e-7
102.51,5.619424692789637e-7
102.61000000000001,5.603175309381237e-7
102.71000000000001,5.586971140773659e-7
102.81000000000002,5.570812067587818e-7
102.91000000000001,5.554697970735945e-7
103.01,5.538628731420919e-7
103.11000000000001,5.52260423113571e-7
103.21000000000001,5.506624351662714e-7
103.31000000000002,5.490688975073163e-7
103.41000000000001,5.47479798372649e-7
103.51,5.458951260269731e-7
103.61000000000001,5.443148687636906e-7
103.71000000000001,5.427390149048433e-7
103.81000000000002,5.411675528010444e-7
103.91000000000001,5.39600470831427e-7
104.01,5.380377574035761e-7
104.11000000000001,5.364794009534697e-7
104.21000000000001,5.349253899454195e-7
104.31000000000002,5.333757128720093e-7
104.41000000000001,5.318303582540329e-7
104.51,5.302893146404378e-7
104.61000000000001,5.287525706082597e-7
104.71000000000001,5.272201147625656e-7
104.81000000000002,5.256919357363921e-7
104.91000000000001,5.241680221906868e-7
105.01,5.226483628142475e-7
105.11000000000001,5.211329463236609e-7
105.21000000000001,5.196217614632455e-7
105.31000000000002,5.181147970049891e-7
105.41000000000001,5.166120417484926e-7
105.51,5.151134845209059e-7
105.61000000000001,5.136191141768726e-7
105.71000000000001,5.121289195984701e-7
105.81000000000002,5.106428896951463e-7
105.91000000000001,5.091610134036659e-7
106.01,5.076832796880498e-7
106.11000000000001,5.062096775395117e-7
106.21000000000001,5.047401959764063e-7
106.31000000000002,5.032748240441647e-7
106.41000000000001,5.018135508152407e-7
106.51,5.003563653890468e-7
106.61000000000001,4.989032568919004e-7
106.71000000000001,4.974542144769626e-7
106.81000000000002,4.960092273241816e-7
106.91000000000001,4.945682846402324e-7
107.01,4.931313756584623e-7
107.11000000000001,4.916984896388278e-7
107.21000000000001,4.902696158678421e-7
107.31000000000002,4.888447436585129e-7
107.41000000000001,4.87423862350287e-7
107.51,4.860069613089924e-7
107.61000000000001,4.845940299267788e-7
107.71000000000001,4.831850576220656e-7
107.81000000000002,4.817800338394755e-7
107.91000000000001,4.803789480497878e-7
108.01,4.789817897498719e-7
108.11000000000001,4.775885484626353e-7
108.21000000000001,4.761992137369676e-7
108.31000000000002,4.748137751476771e-7
108.41000000000001,4.7343222229544455e-7
108.51,4.7205454480675474e-7
108.61000000000001,4.706807323338478e-7
108.71000000000001,4.6931077455466175e-7
108.81000000000002,4.679446611727729e-7
108.91000000000001,4.6658238191734123e-7
109.01,4.652239265430558e-7
109.11000000000001,4.638692848300756e-7
109.21000000000001,4.625184465839767e-7
109.31000000000002,4.61171401635693e-7
109.41000000000001,4.5982813984146205e-7
109.51,4.5848865108277116e-7
109.61000000000001,4.571529252662977e-7
109.71000000000001,4.558209523238559e-7
109.81000000000002,4.544927222123429e-7
109.91000000000001,4.531682249136798e-7
110.01,4.5184745043475827e-7
110.11000000000001,4.50530388807386e-7
110.21000000000001,4.492170300882312e-7
110.31000000000002,4.4790736435876505e-7
110.41000000000001,4.4660138172521137e-7
110.51,4.4529907231848764e-7
110.61000000000001,4.440004262941537e-7
110.71000000000001,4.427054338323542e-7
110.81000000000002,4.414140851377639e-7
110.91000000000001,4.401263704395387e-7
111.01,4.3884227999125385e-7
111.11000000000001,4.3756180407085244e-7
111.21000000000001,4.362849329805948e-7
111.31000000000002,4.350116570469988e-7
111.41000000000001,4.337419666207903e-7
111.51,4.324758520768466e-7
111.61000000000001,4.3121330381414316e-7
111.71000000000001,4.299543122557003e-7
111.81000000000002,4.2869886784853054e-7
111.91000000000001,4.27446961063583e-7
112.01,4.261985823956914e-7
112.11000000000001,4.249537223635195e-7
112.21000000000001,4.2371237150951064e-7
112.31000000000002,4.2247452039983146e-7
112.41000000000001,4.212401596243194e-7
112.51,4.2000927979643056e-7
112.61000000000001,4.1878187155318854e-7
112.71000000000001,4.175579255551274e-7
112.81000000000002,4.1633743248624343e-7
112.91000000000001,4.151203830539381e-7
113.01,4.1390676798897005e-7
113.11000000000001,4.1269657804539923e-7
113.21000000000001,4.114898040005373e-7
113.31000000000002,4.102864366548924e-7
113.41000000000001,4.0908646683211994e-7
113.51,4.0788988537896846e-7
113.61000000000001,4.0669668316522843e-7
113.71000000000001,4.0550685108368214e-7
113.81000000000002,4.04320380050048e-7
113.91000000000001,4.031372610029321e-7
114.01,4.0195748490377586e-7
114.11000000000001,4.00781042736804e-7
114.21000000000001,3.9960792550897385e-7
114.31000000000002,3.984381242499231e-7
114.41000000000001,3.972716300119207e-7
114.51,3.961084338698116e-7
114.61000000000001,3.9494852692097074e-7
114.71000000000001,3.937919002852485e-7
114.81000000000002,3.926385451049213e-7
114.91000000000001,3.91488452544641e-7
115.01,3.903416137913837e-7
115.11000000000001,3.8919802005439845e-7
115.21000000000001,3.880576625651591e-7
115.31000000000002,3.869205325773117e-7
115.41000000000001,3.8578662136662417e-7
115.51,3.846559202309388e-7
115.61000000000001,3.835284204901182e-7
115.71000000000001,3.824041134859988e-7
115.81000000000002,3.812829905823387e-7
115.91000000000001,3.801650431647681e-7
116.01,3.7905026264074167e-7
116.11000000000001,3.779386404394857e-7
116.21000000000001,3.7683016801194967e-7
116.31000000000002,3.7572483683075827e-7
116.41000000000001,3.746226383901612e-7
116.51,3.7352356420598214e-7
116.61000000000001,3.724276058155715e-7
116.71000000000001,3.713347547777572e-7
116.81000000000002,3.7024500267279483e-7
116.91000000000001,3.6915834110231943e-7
117.01,3.6807476168929545e-7
117.11000000000001,3.669942560779698e-7
117.21000000000001,3.659168159338213e-7
117.31000000000002,3.648424329435132e-7
117.41000000000001,3.6377109881484564e-7
117.51,3.6270280527670485e-7
117.61000000000001,3.616375440790159e-7
117.71000000000001,3.605753069926954e-7
117.81000000000002,3.595160858096031e-7
117.91000000000001,3.584598723424927e-7
118.01,3.574066584249642e-7
118.11000000000001,3.5635643591141675e-7
118.21000000000001,3.553091966770012e-7
118.31000000000002,3.542649326175706e-7
118.41000000000001,3.5322363564963535e-7
118.51,3.521852977103124e-7
118.61000000000001,3.5114991075728066e-7
118.71000000000001,3.501174667687323e-7
118.81000000000002,3.490879577433256e-7
118.91000000000001,3.4806137570013797e-7
119.01,3.470377126786196e-7
119.11000000000001,3.4601696073854413e-7
119.21000000000001,3.4499911195996545e-7
119.31000000000002,3.439841584431675e-7
119.41000000000001,3.42972092308619e-7
119.51,3.4196290569692693e-7
119.61000000000001,3.409565907687903e-7
119.71000000000001,3.3995313970495273e-7
119.81000000000002,3.3895254470615625e-7
119.91000000000001,3.379547979930962e-7
120.01,3.3695989180637404e-7
120.11000000000001,3.359678184064499e-7
120.21000000000001,3.349785700736005e-7
120.31000000000002,3.3399213910786935e-7
120.41000000000001,3.330085178290221e-7
120.51,3.320276985765027e-7
120.61000000000001,3.310496737093843e-7
120.71000000000001,3.3007443560632623e-7
120.81000000000002,3.2910197666552826e-7
120.91000000000001,3.281322893046842e-7
121.01,3.2716536596093723e-7
121.11000000000001,3.2620119909083513e-7
121.21000000000001,3.2523978117028323e-7
121.31000000000002,3.242811046945018e-7
121.41000000000001,3.233251621779798e-7
121.51,3.2237194615443053e-7
121.61000000000001,3.2142144917674533e-7
121.71000000000001,3.204736638169515e-7
121.81000000000002,3.195285826661656e-7
121.91000000000001,3.185861983345497e-7
122.01,3.1764650345126624e-7
122.11000000000001,3.1670949066443486e-7
122.21000000000001,3.1577515264108777e-7
122.31000000000002,3.1484348206712393e-7
122.41000000000001,3.139144716472676e-7
122.51,3.129881141050232e-7
122.61000000000001,3.120644021826302e-7
122.71000000000001,3.1114332864102063e-7
122.81000000000002,3.1022488625977465e-7
122.91000000000001,3.0930906783707905e-7
123.01,3.0839586618967844e-7
123.11000000000001,3.074852741528383e-7
123.21000000000001,3.065772845802971e-7
123.31000000000002,3.0567189034422306e-7
123.41000000000001,3.0476908433517513e-7
123.51,3.0386885946205274e-7
123.61000000000001,3.0297120865206053e-7
123.71000000000001,3.0207612485065934e-7
123.81000000000002,3.0118360102152564e-7
123.91000000000001,3.002936301465097e-7
124.01,2.9940620522559055e-7
124.11000000000001,2.9852131927683517e-7
124.21000000000001,2.9763896533635495e-7
124.31000000000002,2.9675913645826394e-7
124.41000000000001,2.9588182571463553e-7
124.51,2.9500702619546053e-7
124.61000000000001,2.9413473100860523e-7
124.71000000000001,2.932649332797689e-7
124.81000000000002,2.923976261524419e-7
124.91000000000001,2.9153280278786337e-7
125.01,2.9067045636498005e-7
125.11000000000001,2.8981058008040313e-7
125.21000000000001,2.889531671483684e-7
125.31000000000002,2.8809821080069226e-7
125.41000000000001,2.872457042867324e-7
125.51,2.8639564087334543e-7
125.61000000000001,2.8554801384484427e-7
125.71000000000001,2.847028165029585e-7
125.81000000000002,2.8386004216679296e-7
125.91000000000001,2.830196841727858e-7
126.01,2.82181735874667e-7
126.11000000000001,2.8134619064341947e-7
126.21000000000001,2.8051304186723567e-7
126.31000000000002,2.796822829514787e-7
126.41000000000001,2.7885390731864005e-7
126.51,2.780279084083001e-7
126.61000000000001,2.7720427967708656e-7
126.71000000000001,2.7638301459863484e-7
126.81000000000002,2.7556410666354696e-7
126.91000000000001,2.74747549379351e-7
127.01,2.739333362704638e-7
127.11000000000001,2.7312146087814336e-7
127.21000000000001,2.7231191676045935e-7
127.31000000000002,2.7150469749224293e-7
127.41000000000001,2.706997966650538e-7
127.51,2.698972078871368e-7
127.61000000000001,2.6909692478338303e-7
127.71000000000001,2.68298940995291e-7
127.81000000000002,2.675032501809251e-7
127.91000000000001,2.6670984601487867e-7
128.01,2.6591872218823217e-7
128.10999999999999,2.6512987240851505e-7
128.21,2.643432903996652e-7
128.31,2.6355896990199234e-7
128.41,2.6277690467213586e-7
128.51,2.619970884830278e-7
128.60999999999999,2.612195151238528e-7
128.71,2.604441784000103e-7
128.81,2.596710721330737e-7
128.91,2.5890019016075385e-7
129.01,2.5813152633685947e-7
129.10999999999999,2.5736507453125854e-7
129.21,2.5660082862983813e-7
129.31,2.5583878253447125e-7
129.41,2.55078930162971e-7
129.51,2.543212654490593e-7
129.60999999999999,2.535657823423237e-7
129.71,2.5281247480818153e-7
129.81,2.520613368278418e-7
129.91,2.5131236239826757e-7
130.01,2.505655455321359e-7
130.10999999999999,2.498208802578033e-7
130.21,2.4907836061926455e-7
130.31,2.4833798067611874e-7
130.41,2.475997345035286e-7
130.51,2.4686361619218433e-7
130.60999999999999,2.461296198482665e-7
130.71,2.453977395934069e-7
130.81,2.446679695646555e-7
130.91,2.439403039144374e-7
131.01,2.432147368105211e-7
131.10999999999999,2.424912624359771e-7
131.21,2.417698749891449e-7
131.31,2.4105056868359254e-7
131.41,2.4033333774808284e-7
131.51,2.396181764265351e-7
131.60999999999999,2.389050789779879e-7
131.71,2.3819403967656365e-7
131.81,2.374850528114326e-7
131.91,2.3677811268677472e-7
132.01,2.3607321362174432e-7
132.10999999999999,2.3537034995043425e-7
132.21,2.346695160218387e-7
132.31,2.3397070619981797e-7
132.41,2.3327391486306139e-7
132.51,2.3257913640505272e-7
132.60999999999999,2.3188636523403353e-7
132.71,2.3119559577296626e-7
132.81,2.3050682245950193e-7
132.91,2.2982003974593974e-7
133.01,2.2913524209919566e-7
133.10999999999999,2.2845242400076457e-7
133.21,2.277715799466847e-7
133.31,2.2709270444750502e-7
133.41,2.2641579202824648e-7
133.51,2.257408372283686e-7
133.60999999999999,2.250678346017337e-7
133.71,2.243967787165727e-7
133.81,2.2372766415544969e-7
133.91,2.230604855152266e-7
134.01,2.2239523740702862e-7
134.10999999999999,2.217319144562098e-7
134.21,2.21070511302318e-7
134.31,2.2041102259906006e-7
134.41,2.197534430142674e-7
134.51,2.1909776722986264e-7
134.60999999999999,2.1844398994182333e-7
134.71,2.1779210586014857e-7
134.81,2.1714210970882504e-7
134.91,2.1649399622579224e-7
135.01,2.1584776016290883e-7
135.10999999999999,2.1520339628591825e-7
135.21,2.1456089937441534e-7
135.31,2.1392026422181107e-7
135.41,2.1328148563530055e-7
135.51,2.1264455843582814e-7
135.60999999999999,2.1200947745805335e-7
135.71,2.1137623755031904e-7
135.81,2.1074483357461704e-7
135.91,2.1011526040655243e-7
136.01,2.094875129353138e-7
136.10999999999999,2.0886158606363831e-7
136.21,2.0823747470777661e-7
136.31,2.0761517379746467e-7
136.41,2.0699467827588433e-7
136.51,2.0637598309963525e-7
136.60999999999999,2.0575908323869933e-7
136.71,2.0514397367640892e-7
136.81,2.0453064940941345e-7
136.91,2.0391910544764757e-7
137.01,2.0330933681429744e-7
137.10999999999999,2.0270133854576788e-7
137.21,2.020951056916508e-7
137.31,2.0149063331469337e-7
137.41,2.008879164907636e-7
137.51,2.002869503088195e-7
137.60999999999999,1.9968772987087595e-7
137.71,1.9909025029197316e-7
137.81,1.9849450670014474e-7
137.91,1.9790049423638528e-7
138.01,1.9730820805461705e-7
138.10999999999999,1.9671764332166074e-7
138.21,1.9612879521720187e-7
138.31,1.9554165893375945e-7
138.41,1.9495622967665452e-7
138.51,1.9437250266397717e-7
138.60999999999999,1.9379047312655743e-7
138.71,1.9321013630793108e-7
138.81,1.9263148746431106e-7
138.91,1.9205452186455302e-7
139.01,1.9147923479012622e-7
139.10999999999999,1.909056215350825e-7
139.21,1.903336774060226e-7
139.31,1.897633977220687e-7
139.41,1.8919477781482995e-7
139.51,1.8862781302837346e-7
139.60999999999999,1.8806249871919345e-7
139.71,1.8749883025617947e-7
139.81,1.8693680302058616e-7
139.91,1.8637641240600329e-7
140.01,1.8581765381832397e-7
140.10999999999999,1.8526052267571394e-7
140.21,1.8470501440858284e-7
140.31,1.8415112445955203e-7
140.41,1.835988482834248e-7
140.51,1.8304818134715673e-7
140.60999999999999,1.8249911912982398e-7
140.71,1.8195165712259535e-7
140.81,1.8140579082869954e-7
140.91,1.8086151576339833e-7
141.01,1.8031882745395261e-7
141.10999999999999,1.7977772143959658e-7
141.21,1.7923819327150492e-7
141.31,1.7870023851276492e-7
141.41,1.7816385273834536e-7
141.51,1.776290315350692e-7
141.60999999999999,1.7709577050157996e-7
141.71,1.765640652483158e-7
141.81,1.7603391139748034e-7
141.91,1.755053045830099e-7
142.01,1.7497824045054783e-7
142.10999999999999,1.7445271465741208e-7
142.21,1.7392872287256945e-7
142.31,1.734062607766031e-7
142.41,1.728853240616864e-7
142.51,1.72365908431552e-7
142.60999999999999,1.718480096014636e-7
142.71,1.7133162329818744e-7
142.81,1.708167452599631e-7
142.91,1.7030337123647395e-7
143.01,1.697914969888215e-7
143.10999999999999,1.6928111828949288e-7
143.21,1.6877223092233443e-7
143.31,1.6826483068252387e-7
143.41,1.6775891337654044e-7
143.51,1.6725447482213687e-7
143.60999999999999,1.6675151084831192e-7
143.71,1.662500172952816e-7
143.81,1.6574999001445094e-7
143.91,1.6525142486838578e-7
144.01,1.6475431773078536e-7
144.10999999999999,1.6425866448645405e-7
144.21,1.6376446103127281e-7
144.31,1.6327170327217293e-7
144.41,1.627803871271068e-7
144.51,1.622905085250206e-7
144.60999999999999,1.61802063405827e-7
144.71,1.6131504772037656e-7
144.81,1.608294574304328e-7
144.91,1.603452885086412e-7
145.01,1.5986253693850442e-7
145.10999999999999,1.5938119871435338e-7
145.21,1.5890126984132161e-7
145.31,1.5842274633531633e-7
145.41,1.579456242229926e-7
145.51,1.5746989954172609e-7
145.60999999999999,1.5699556833958425e-7
145.71,1.5652262667530194e-7
145.81,1.560510706182532e-7
145.91,1.5558089624842488e-7
146.01,1.551120996563885e-7
146.10999999999999,1.5464467694327549e-7
146.21,1.541786242207488e-7
146.31,1.5371393761097858e-7
146.41,1.532506132466126e-7
146.51,1.527886472707518e-7
146.60999999999999,1.5232803583692396e-7
146.71,1.518687751090556e-7
146.81,1.514108612614479e-7
146.91,1.5095429047874901e-7
147.01,1.5049905895592854e-7
147.10999999999999,1.5004516289825062e-7
147.21,1.4959259852124825e-7
147.31,1.4914136205069848e-7
147.41,1.4869144972259402e-7
147.51,1.482428577831199e-7
147.60999999999999,1.4779558248862544e-7
147.71,1.473496201055996e-7
147.81,1.4690496691064662e-7
147.91,1.4646161919045695e-7
148.01,1.460195732417847e-7
148.10999999999999,1.455788253714208e-7
148.21,1.4513937189616733e-7
148.31,1.447012091428134e-7
148.41,1.442643334481081e-7
148.51,1.438287411587359e-7
148.60999999999999,1.4339442863129208e-7
148.71,1.4296139223225678e-7
148.81,1.4252962833796969e-7
148.91,1.4209913333460606e-7
149.01,1.4166990361814957e-7
149.10999999999999,1.4124193559437016e-7
149.21,1.408152256787967e-7
149.31,1.4038977029669437e-7
149.41,1.399655658830371e-7
149.51,1.3954260888248572e-7
149.60999999999999,1.3912089574936103e-7
149.71,1.3870042294762045e-7
149.81,1.3828118695083345e-7
149.91,1.3786318424215576e-7
150.01,1.3744641131430746e-7
150.10999999999999,1.370308646695452e-7
150.21,1.3661654081964073e-7
150.31,1.3620343628585563e-7
150.41,1.3579154759891643e-7
150.51,1.3538087129899138e-7
150.60999999999999,1.3497140393566595e-7
150.71,1.3456314206791814e-7
150.81,1.3415608226409657e-7
150.91,1.3375022110189346e-7
151.01,1.3334555516832383e-7
151.10999999999999,1.329420810596989e-7
151.21,1.3253979538160448e-7
151.31,1.3213869474887627e-7
151.41,1.317387757855759e-7
151.51,1.313400351249684e-7
151.60999999999999,1.3094246940949688e-7
151.71,1.3054607529076123e-7
151.81,1.301508494294928e-7
151.91,1.2975678849553178e-7
152.01,1.2936388916780441e-7
152.10999999999999,1.2897214813429843e-7
152.21,1.2858156209204027e-7
152.31,1.2819212774707316e-7
152.41,1.2780384181443248e-7
152.51,1.274167010181223e-7
152.60999999999999,1.2703070209109418e-7
152.71,1.2664584177522275e-7
152.81,1.2626211682128354e-7
152.91,1.2587952398892984e-7
153.01,1.254980600466697e-7
153.10999999999999,1.251177217718434e-7
153.21,1.24738505950601e-7
153.31,1.243604093778792e-7
153.41,1.2398342885737829e-7
153.51,1.2360756120154196e-7
153.61,1.2323280323153164e-7
153.71,1.2285915177720577e-7
153.81,1.224866036770978e-7
153.91,1.2211515577839288e-7
154.01,1.2174480493690562e-7
154.11,1.2137554801705857e-7
154.21,1.2100738189186018e-7
154.31,1.2064030344288112e-7
154.41,1.2027430956023372e-7
154.51,1.1990939714254935e-7
154.61,1.1954556309695674e-7
154.71,1.1918280433906006e-7
154.81,1.1882111779291649e-7
154.91,1.1846050039101492e-7
155.01,1.1810094907425432e-7
155.11,1.1774246079192117e-7
155.21,1.1738503250166917e-7
155.31,1.1702866116949586e-7
155.41,1.1667334376972355e-7
155.51,1.1631907728497482e-7
155.61,1.1596585870615327e-7
155.71,1.1561368503242139e-7
155.81,1.1526255327117901e-7
155.91,1.1491246043804215e-7
156.01,1.145634035568226e-7
156.11,1.1421537965950435e-7
156.21,1.1386838578622553e-7
156.31,1.1352241898525489e-7
156.41,1.1317747631297179e-7
156.51,1.1283355483384537e-7
156.61,1.124906516204126e-7
156.71,1.1214876375325867e-7
156.81,1.1180788832099532e-7
156.91,1.1146802242023958e-7
157.01,1.1112916315559451e-7
157.11,1.1079130763962688e-7
157.21,1.1045445299284773e-7
157.31,1.1011859634369066e-7
157.41,1.0978373482849238e-7
157.51,1.0944986559147149e-7
157.61,1.0911698578470819e-7
157.71,1.0878509256812361e-7
157.81,1.0845418310945994e-7
157.91,1.0812425458425992e-7
158.01,1.0779530417584627e-7
158.11,1.0746732907530132e-7
158.21,1.0714032648144856e-7
158.31,1.068142936008297e-7
158.41,1.0648922764768637e-7
158.51,1.0616512584394026e-7
158.61,1.0584198541917204e-7
158.71,1.0551980361060269e-7
158.81,1.0519857766307187e-7
158.91,1.0487830482902054e-7
159.01,1.04558982368468e-7
159.11,1.0424060754899546e-7
159.21,1.0392317764572395e-7
159.31,1.0360668994129576e-7
159.41,1.0329114172585433e-7
159.51,1.0297653029702499e-7
159.61,1.0266285295989535e-7
159.71,1.0235010702699612e-7
159.81,1.0203828981828115e-7
159.91,1.0172739866110807e-7
160.01,1.0141743089021961e-7
160.11,1.0110838384772371e-7
160.21,1.008002548830744e-7
160.31,1.0049304135305335e-7
160.41,1.0018674062174863e-7
160.51,9.988135006053897e-8
160.61,9.957686704807093e-8
160.71,9.927328897024301e-8
160.81,9.897061322018482e-8
160.91,9.86688371982386e-8
161.01,9.836795831194165e-8
161.11,9.806797397600442e-8
161.21,9.776888161229587e-8
161.31,9.747067864982083e-8
161.41,9.717336252470374e-8
161.51,9.687693068016932e-8
161.61,9.65813805665236e-8
161.71,9.628670964113596e-8
161.81,9.599291536842058e-8
161.91,9.569999521981697e-8
162.01,9.540794667377289e-8
162.11,9.511676721572528e-8
162.21,9.482645433808207e-8
162.31,9.453700554020424e-8
162.41,9.424841832838637e-8
162.51,9.396069021583976e-8
162.61,9.367381872267413e-8
162.71,9.338780137587845e-8
162.81,9.310263570930401e-8
162.91,9.281831926364575e-8
163.01,9.25348495864246e-8
163.11,9.225222423196961e-8
163.21,9.197044076139953e-8
163.31,9.168949674260529e-8
163.41,9.140938975023285e-8
163.51,9.113011736566392e-8
163.61,9.085167717699966e-8
163.71,9.057406677904213e-8
163.81,9.029728377327714e-8
163.91,9.002132576785645e-8
164.01,8.974619037758052e-8
164.11,8.947187522387967e-8
164.21,8.919837793479919e-8
164.31,8.892569614497937e-8
164.41,8.86538274956394e-8
164.51,8.838276963455984e-8
164.61,8.81125202160649e-8
164.71,8.78430769010062e-8
164.81,8.757443735674436e-8
164.91,8.730659925713238e-8
165.01,8.703956028249881e-8
165.11,8.677331811963016e-8
165.21,8.650787046175406e-8
165.31,8.624321500852192e-8
165.41,8.597934946599271e-8
165.51,8.571627154661571e-8
165.61,8.545397896921269e-8
165.71,8.519246945896285e-8
165.81,8.493174074738453e-8
165.91,8.467179057231926e-8
166.01,8.441261667791457e-8
166.11,8.415421681460725e-8
166.21,8.389658873910787e-8
166.31,8.36397302143825e-8
166.41,8.338363900963713e-8
166.51,8.312831290030089e-8
166.61,8.287374966801021e-8
166.71,8.261994710059097e-8
166.81,8.23669029920439e-8
166.91,8.211461514252626e-8
167.01,8.186308135833766e-8
167.11,8.161229945190183e-8
167.21,8.136226724175195e-8
167.31,8.11129825525129e-8
167.41,8.086444321488692e-8
167.51,8.061664706563569e-8
167.61,8.036959194756592e-8
167.71,8.012327570951143e-8
167.81,7.987769620631948e-8
167.91,7.96328512988325e-8
168.01,7.938873885387409e-8
168.11,7.914535674423154e-8
168.21,7.89027028486409e-8
168.31,7.866077505177152e-8
168.41,7.841957124420933e-8
168.51,7.817908932244116e-8
168.61,7.793932718884048e-8
168.71,7.770028275164988e-8
168.81,7.746195392496677e-8
168.91,7.722433862872752e-8
169.01,7.698743478869098e-8
169.11,7.67512403364244e-8
169.21,7.65157532092872e-8
169.31,7.628097135041608e-8
169.41,7.604689270870822e-8
169.51,7.581351523880837e-8
169.61,7.558083690109092e-8
169.71,7.534885566164705e-8
169.81,7.511756949226728e-8
169.91,7.488697637042811e-8
170.01,7.465707427927536e-8
170.11,7.442786120761079e-8
170.21,7.419933514987495e-8
170.31,7.397149410613408e-8
170.41,7.374433608206365e-8
170.51,7.351785908893474e-8
170.61,7.329206114359693e-8
170.71,7.306694026846689e-8
170.81,7.28424944915097e-8
170.91,7.261872184622672e-8
171.01,7.239562037163966e-8
171.11,7.217318811227579e-8
171.21,7.19514231181544e-8
171.31,7.173032344477046e-8
171.41,7.150988715308091e-8
171.51,7.129011230948999e-8
171.61,7.10709969858348e-8
171.71,7.085253925937025e-8
171.81,7.06347372127558e-8
171.91,7.041758893403852e-8
172.01,7.020109251664192e-8
172.11,6.998524605934868e-8
172.21,6.977004766628851e-8
172.31,6.955549544692231e-8
172.41,6.93415875160285e-8
172.51,6.912832199368893e-8
172.61,6.89156970052742e-8
172.71,6.870371068143033e-8
172.81,6.849236115806373e-8
172.91,6.82816465763273e-8
173.01,6.80715650826068e-8
173.11,6.786211482850621e-8
173.21,6.765329397083446e-8
173.31,6.744510067159109e-8
173.41,6.723753309795208e-8
173.51,6.703058942225608e-8
173.61,6.682426782199093e-8
173.71,6.661856647977997e-8
173.81,6.641348358336711e-8
173.91,6.620901732560414e-8
174.01,6.6005165904437e-8
174.11,6.580192752289141e-8
174.21,6.559930038906016e-8
174.31,6.539728271608843e-8
174.41,6.519587272216096e-8
174.51,6.49950686304885e-8
174.61,6.47948686692938e-8
174.71,6.459527107179887e-8
174.81,6.439627407621038e-8
174.91,6.419787592570778e-8
175.01,6.400007486842853e-8
175.11,6.380286915745569e-8
175.21,6.360625705080423e-8
175.31,6.341023681140736e-8
175.41,6.321480670710461e-8
175.51,6.301996501062677e-8
175.61,6.282570999958439e-8
175.71,6.263203995645373e-8
175.81,6.243895316856356e-8
175.91,6.224644792808259e-8
176.01,6.205452253200638e-8
176.11,6.18631752821438e-8
176.21,6.167240448510505e-8
176.31,6.148220845228704e-8
176.41,6.129258549986241e-8
176.51,6.11035339487656e-8
176.61,6.091505212468e-8
176.71,6.072713835802494e-8
176.81,6.053979098394401e-8
176.91,6.0353008342291e-8
177.01,6.016678877761814e-8
177.11,5.998113063916252e-8
177.21,5.979603228083443e-8
177.31,5.961149206120386e-8
177.41,5.942750834348878e-8
177.51,5.9244079495541385e-8
177.61,5.906120388983669e-8
177.71,5.887887990345978e-8
177.81,5.8697105918092874e-8
177.91,5.851588032000327e-8
178.01,5.8335201500030806e-8
178.11,5.815506785357602e-8
178.21,5.7975477780586625e-8
178.31,5.7796429685546484e-8
178.41,5.761792197746273e-8
178.51,5.74399530698532e-8
178.61,5.7262521380734663e-8
178.71,5.708562533261122e-8
178.81,5.6909263352460837e-8
178.91,5.6733433871723956e-8
179.01,5.6558135326291586e-8
179.11,5.638336615649271e-8
179.21,5.620912480708265e-8
179.31,5.603540972723121e-8
179.41,5.586221937050995e-8
179.51,5.5689552194881205e-8
179.61,5.551740666268551e-8
179.71,5.534578124062988e-8
179.81,5.517467439977613e-8
179.91,5.5004084615528984e-8
180.01,5.4834010367624247e-8
180.11,5.466445014011686e-8
180.21,5.449540242136957e-8
180.31,5.4326865704040975e-8
180.41,5.415883848507387e-8
180.51,5.399131926568379e-8
180.61,5.382430655134701e-8
180.71,5.3657798851789446e-8
180.81,5.349179468097464e-8
180.91,5.3326292557092866e-8
181.01,5.316129100254871e-8
181.11,5.299678854395058e-8
181.21,5.283278371209883e-8
181.31,5.2669275041974173e-8
181.41,5.2506261072726316e-8
181.51,5.234374034766367e-8
181.61,5.2181711414239816e-8
181.71,5.2020172824044924e-8
181.81,5.18591231327924e-8
181.91,5.1698560900308346e-8
182.01,5.153848469052081e-8
182.11,5.1378893071447926e-8
182.21,5.121978461518716e-8
182.31,5.1061157897904095e-8
182.41,5.090301149982141e-8
182.51,5.074534400520759e-8
182.61,5.058815400236611e-8
182.71,5.043144008362455e-8
182.81,5.027520084532346e-8
182.91,5.011943488780512e-8
183.01,4.9964140815402945e-8
183.11,4.9809317236430974e-8
183.21,4.965496276317232e-8
183.31,4.950107601186847e-8
183.41,4.934765560270921e-8
183.51,4.919470015982028e-8
183.61,4.904220831125465e-8
183.71,4.889017868897996e-8
183.81,4.8738609928869236e-8
183.91,4.858750067068916e-8
184.01,4.843684955809e-8
184.11,4.828665523859497e-8
184.21,4.813691636358949e-8
184.31,4.798763158831065e-8
184.41,4.783879957183668e-8
184.51,4.7690418977076546e-8
184.61,4.75424884707595e-8
184.71,4.7395006723424414e-8
184.81,4.724797240940916e-8
184.91,4.710138420684134e-8
185.01,4.6955240797626174e-8
185.11,4.680954086743786e-8
185.21,4.6664283105708006e-8
185.31,4.651946620561582e-8
185.41,4.6375088864078345e-8
185.51,4.623114978173883e-8
185.61,4.6087647662958466e-8
185.71,4.594458121580429e-8
185.81,4.580194915204056e-8
185.91,4.565975018711706e-8
186.01,4.551798304016098e-8
186.11,4.5376646433964654e-8
186.21,4.5235739094977574e-8
186.31,4.509525975329439e-8
186.41,4.4955207142646884e-8
186.51,4.4815580000392124e-8
186.61,4.467637706750407e-8
186.71,4.453759708856264e-8
186.81,4.4399238811744095e-8
186.91,4.426130098881139e-8
187.01,4.412378237510393e-8
187.11,4.398668172952834e-8
187.21,4.384999781454768e-8
187.31,4.371372939617329e-8
187.41,4.357787524395277e-8
187.51,4.3442434130962456e-8
187.61,4.3307404833796583e-8
187.71,4.317278613255765e-8
187.81,4.3038576810847187e-8
187.91,4.290477565575554e-8
188.01,4.277138145785319e-8
188.11,4.2638393011179886e-8
188.21,4.2505809113236624e-8
188.31,4.237362856497495e-8
188.41,4.22418501707877e-8
188.51,4.21104727385001e-8
188.61,4.1979495079359354e-8
188.71,4.184891600802639e-8
188.81,4.1718734342565355e-8
188.91,4.1588948904434947e-8
189.01,4.145955851847876e-8
189.11,4.1330562012916035e-8
189.21,4.1201958219332585e-8
189.31,4.107374597267088e-8
189.41,4.094592411122168e-8
189.51,4.081849147661402e-8
189.61,4.069144691380628e-8
189.71,4.0564789271077306e-8
189.81,4.04385174000169e-8
189.91,4.031263015551672e-8
190.01,4.018712639576113e-8
190.11,4.006200498221849e-8
190.21,3.993726477963162e-8
190.31,3.981290465600896e-8
190.41,3.9688923482615846e-8
190.51,3.956532013396466e-8
190.61,3.944209348780694e-8
190.71,3.931924242512366e-8
190.81,3.919676583011686e-8
190.91,3.9074662590199934e-8
191.01,3.89529315959899e-8
191.11,3.883157174129754e-8
191.21,3.871058192311912e-8
191.31,3.858996104162747e-8
191.41,3.8469708000162874e-8
191.51,3.834982170522469e-8
191.61,3.8230301066462916e-8
191.71,3.811114499666872e-8
191.81,3.7992352411766075e-8
191.91,3.787392223080333e-8
192.01,3.775585337594405e-8
192.11,3.763814477245915e-8
192.21,3.7520795348717515e-8
192.31,3.74038040361778e-8
192.41,3.7287169769379997e-8
192.51,3.7170891485936433e-8
192.61,3.7054968126523806e-8
192.71,3.6939398634874373e-8
192.81,3.6824181957767603e-8
192.91,3.670931704502172e-8
193.01,3.659480284948481e-8
193.11,3.6480638327027766e-8
193.21,3.636682243653424e-8
193.31,3.6253354139893123e-8
193.41,3.614023240199067e-8
193.51,3.6027456190700967e-8
193.61,3.591502447687874e-8
193.71,3.580293623435069e-8
193.81,3.569119043990717e-8
193.91,3.5579786073294154e-8
194.01,3.5468722117204414e-8
194.11,3.535799755727035e-8
194.21,3.524761138205532e-8
194.31,3.5137562583045064e-8
194.41,3.5027850154640475e-8
194.51,3.491847309414856e-8
194.61,3.480943040177527e-8
194.71,3.470072108061686e-8
194.81,3.459234413665211e-8
194.91,3.4484298578734085e-8
195.01,3.437658341858227e-8
195.11,3.426919767077467e-8
195.21,3.416214035273987e-8
195.31,3.405541048474909e-8
195.41,3.394900708990789e-8
195.51,3.384292919414908e-8
195.61,3.373717582622402e-8
195.71,3.363174601769537e-8
195.81,3.35266388029292e-8
195.91,3.3421853219086577e-8
196.01,3.331738830611653e-8
196.11,3.3213243106748064e-8
196.21,3.3109416666482424e-8
196.31,3.300590803358479e-8
196.41,3.290271625907778e-8
196.51,3.2799840396732734e-8
196.61,3.269727950306211e-8
196.71,3.259503263731294e-8
196.81,3.2493098861457697e-8
196.91,3.239147724018782e-8
197.01,3.229016684090528e-8
197.11,3.218916673371596e-8
197.21,3.20884759914213e-8
197.31,3.198809368951133e-8
197.41,3.18880189061568e-8
197.51,3.178825072220171e-8
197.61,3.1688788221156185e-8
197.71,3.1589630489188786e-8
197.81,3.1490776615119186e-8
197.91,3.139222569041046e-8
198.01,3.1293976809162344e-8
198.11,3.1196029068103265e-8
198.21,3.1098381566583075e-8
198.31,3.1001033406566313e-8
198.41,3.0903983692624043e-8
198.51,3.0807231531927185e-8
198.61,3.071077603423907e-8
198.71,3.061461631190815e-8
198.81,3.0518751479860755e-8
198.91,3.042318065559402e-8
199.01,3.0327902959168715e-8
199.11,3.023291751320164e-8
199.21,3.013822344285921e-8
199.31,3.0043819875849696e-8
199.41,2.994970594241624e-8
199.51,2.985588077533017e-8
199.61,2.976234350988338e-8
199.71,2.9669093283881745e-8
199.81,2.9576129237637602e-8
199.91,2.9483450513963076e-8
200.01,2.9391056258163102e-8
200.11,2.92989456180282e-8
200.21,2.920711774382783e-8
200.31,2.9115571788302935e-8
200.41,2.9024306906659697e-8
200.51,2.8933322256562185e-8
200.61,2.884261699812534e-8
200.71,2.8752190293908656e-8
200.81,2.8662041308908918e-8
200.91,2.8572169210553154e-8
201.01,2.8482573168692617e-8
201.11,2.8393252355595045e-8
201.21,2.830420594593871e-8
201.31,2.821543311680488e-8
201.41,2.8126933047671758e-8
201.51,2.803870492040747e-8
201.61,2.7950747919263148e-8
201.71,2.7863061230866608e-8
201.81,2.7775644044215552e-8
201.91,2.7688495550670977e-8
202.01,2.760161494395016e-8
202.11,2.7515001420120238e-8
202.21,2.7428654177592474e-8
202.31,2.7342572417114084e-8
202.41,2.7256755341762748e-8
202.51,2.7171202156939794e-8
202.61,2.7085912070364066e-8
202.71,2.7000884292064273e-8
202.81,2.6916118034373982e-8
202.91,2.6831612511923976e-8
203.01,2.6747366941636206e-8
203.11,2.6663380542717634e-8
203.21,2.657965253665331e-8
203.31,2.6496182147200323e-8
203.41,2.6412968600381317e-8
203.51,2.6330011124477853e-8
203.61,2.6247308950024625e-8
203.71,2.6164861309802335e-8
203.81,2.6082667438832225e-8
203.91,2.600072657436899e-8
204.01,2.5919037955895243e-8
204.11,2.5837600825114465e-8
204.21,2.5756414425945548e-8
204.31,2.567547800451574e-8
204.41,2.559479080915508e-8
204.51,2.551435209038987e-8
204.61,2.5434161100936562e-8
204.71,2.535421709569554e-8
204.81,2.527451933174512e-8
204.91,2.5195067068335058e-8
205.01,2.5115859566880932e-8
205.11,2.503689609095789e-8
205.21,2.4958175906293953e-8
205.31,2.4879698280764682e-8
205.41,2.4801462484387057e-8
205.51,2.47234677893129e-8
205.61,2.4645713469823526e-8
205.71,2.4568198802323153e-8
205.81,2.4490923065333298e-8
205.91,2.441388553948679e-8
206.01,2.4337085507521276e-8
206.11,2.426052225427417e-8
206.21,2.4184195066675968e-8
206.31,2.410810323374451e-8
206.41,2.4032246046579525e-8
206.51,2.3956622798356177e-8
206.61,2.3881232784319563e-8
206.71,2.3806075301778538e-8
206.81,2.373114965010023e-8
206.91,2.3656455130704105e-8
207.01,2.3581991047056058e-8
207.11,2.350775670466262e-8
207.21,2.343375141106559e-8
207.31,2.3359974475835598e-8
207.41,2.3286425210566932e-8
207.51,2.3213102928871554e-8
207.61,2.3140006946373437e-8
207.71,2.306713658070291e-8
207.81,2.2994491151491096e-8
207.91,2.2922069980363706e-8
208.01,2.284987239093627e-8
208.11,2.277789770880768e-8
208.21,2.2706145261555137e-8
208.31,2.2634614378728247e-8
208.41,2.2563304391843638e-8
208.51,2.249221463437914e-8
208.61,2.242134444176833e-8
208.71,2.235069315139513e-8
208.81,2.2280260102588258e-8
208.91,2.2210044636615387e-8
209.01,2.2140046096678087e-8
209.11,2.2070263827906354e-8
209.21,2.2000697177352423e-8
209.31,2.1931345493986264e-8
209.41,2.186220812868959e-8
209.51,2.1793284434250373e-8
209.61,2.172457376535811e-8
209.71,2.1656075478597567e-8
209.81,2.1587788932443723e-8
209.91,2.1519713487256852e-8
210.01,2.1451848505276385e-8
210.11,2.1384193350616163e-8
210.21,2.131674738925891e-8
210.31,2.1249509989051038e-8
210.41,2.1182480519697222e-8
210.51,2.111565835275501e-8
210.61,2.104904286162984e-8
210.71,2.0982633421569908e-8
210.81,2.0916429409660217e-8
210.91,2.0850430204818198e-8
211.01,2.0784635187787955e-8
211.11,2.071904374113549e-8
211.21,2.065365524924289e-8
211.31,2.058846909830414e-8
211.41,2.0523484676318794e-8
211.51,2.0458701373088048e-8
211.61,2.0394118580208415e-8
211.71,2.03297356910678e-8
211.81,2.0265552100839312e-8
211.91,2.0201567206477075e-8
212.01,2.0137780406710695e-8
212.11,2.007419110204019e-8
212.21,2.0010798694731164e-8
212.31,1.994760258880957e-8
212.41,1.9884602190056953e-8
212.51,1.982179690600524e-8
212.61,1.9759186145931827e-8
212.71,1.96967693208546e-8
212.81,1.963454584352704e-8
212.91,1.9572515128433144e-8
213.01,1.951067659178248e-8
213.11,1.9449029651505755e-8
213.21,1.9387573727249066e-8
213.31,1.9326308240369663e-8
213.41,1.9265232613930998e-8
213.51,1.920434627269744e-8
213.61,1.914364864313012e-8
213.71,1.9083139153381286e-8
213.81,1.9022817233290154e-8
213.91,1.8962682314377758e-8
214.01,1.8902733829842313e-8
214.11,1.884297121455414e-8
214.21,1.878339390505148e-8
214.31,1.8724001339534986e-8
214.41,1.8664792957863435e-8
214.51,1.8605768201548985e-8
214.61,1.8546926513752445e-8
214.71,1.8488267339278467e-8
214.81,1.8429790124570792e-8
214.91,1.83714943177077e-8
215.01,1.8313379368397514e-8
215.11,1.8255444727973324e-8
215.21,1.8197689849389276e-8
215.31,1.81401141872151e-8
215.41,1.8082717197631854e-8
215.51,1.802549833842757e-8
215.61,1.7968457068991885e-8
215.71,1.7911592850312223e-8
215.81,1.7854905144969225e-8
215.91,1.7798393417131537e-8
216.01,1.7742057132551765e-8
216.11,1.7685895758561987e-8
216.21,1.762990876406896e-8
216.31,1.7574095619549858e-8
216.41,1.7518455797047433e-8
216.51,1.7462988770166175e-8
216.61,1.7407694014067197e-8
216.71,1.735257100546389e-8
216.81,1.7297619222617925e-8
216.91,1.7242838145334395e-8
217.01,1.71882272549574e-8
217.11,1.713378603436589e-8
217.21,1.7079513967969117e-8
217.31,1.702541054170213e-8
217.41,1.6971475243021915e-8
217.51,1.691770756090222e-8
217.61,1.68641069858299e-8
217.71,1.681067300980039e-8
217.81,1.6757405126313192e-8
217.91,1.6704302830367626e-8
218.01,1.665136561845896e-8
218.11,1.6598592988573348e-8
218.21,1.6545984440184295e-8
218.31,1.6493539474247868e-8
218.41,1.6441257593198833e-8
218.51,1.6389138300946127e-8
218.61,1.633718110286869e-8
218.71,1.6285385505811422e-8
218.81,1.6233751018080767e-8
218.91,1.618227714944051e-8
219.01,1.613096341110808e-8
219.11,1.607980931574942e-8
219.21,1.6028814377475734e-8
219.31,1.5977978111839036e-8
219.41,1.5927300035827807e-8
219.51,1.587677966786315e-8
219.61,1.5826416527794457e-8
219.71,1.57762101368956e-8
219.81,1.5726160017860443e-8
219.91,1.5676265694799093e-8
220.01,1.5626526693233753e-8
220.11,1.557694254009444e-8
220.21,1.5527512763715337e-8
220.31,1.547823689383047e-8
220.41,1.5429114461569715e-8
220.51,1.5380144999454765e-8
220.61,1.5331328041395495e-8
220.71,1.5282663122685126e-8
220.81,1.523414977999746e-8
220.91,1.5185787551381695e-8
221.01,1.5137575976259192e-8
221.11,1.5089514595419404e-8
221.21,1.504160295101582e-8
221.31,1.4993840586562167e-8
221.41,1.494622704692838e-8
221.51,1.4898761878336739e-8
221.61,1.4851444628357968e-8
221.71,1.480427484590738e-8
221.81,1.4757252081241076e-8
221.91,1.4710375885952061e-8
222.01,1.466364581296603e-8
222.11,1.461706141653805e-8
222.21,1.4570622252248723e-8
222.31,1.452432787699972e-8
222.41,1.4478177849010727e-8
222.51,1.4432171727815286e-8
222.61,1.4386309074256946e-8
222.71,1.4340589450485815e-8
222.81,1.4295012419954386e-8
222.91,1.424957754741397e-8
223.01,1.4204284398911183e-8
223.11,1.4159132541783764e-8
223.21,1.4114121544657234e-8
223.31,1.4069250977440805e-8
223.41,1.4024520411324037e-8
223.51,1.3979929418773126e-8
223.61,1.3935477573526874e-8
223.71,1.3891164450593425e-8
223.81,1.3846989626246173e-8
223.91,1.3802952678020646e-8
224.01,1.3759053184710294e-8
224.11,1.371529072636342e-8
224.21,1.3671664884279074e-8
224.31,1.3628175241003643e-8
224.41,1.3584821380327385e-8
224.51,1.3541602887280433e-8
224.61,1.3498519348129828e-8
224.71,1.3455570350375367e-8
224.81,1.3412755482746259e-8
224.91,1.3370074335197704e-8
225.01,1.332752649890717e-8
225.11,1.328511156627086e-8
225.21,1.324282913090037e-8
225.31,1.3200678787618976e-8
225.41,1.31586601324581e-8
225.51,1.3116772762654307e-8
225.61,1.3075016276645075e-8
225.71,1.3033390274065794e-8
225.81,1.2991894355746136e-8
225.91,1.2950528123706781e-8
226.01,1.2909291181155797e-8
226.11,1.2868183132485249e-8
226.21,1.282720358326777e-8
226.31,1.2786352140253167e-8
226.41,1.2745628411365057e-8
226.51,1.2705032005697207e-8
226.61,1.2664562533510576e-8
226.71,1.2624219606229696e-8
226.81,1.2584002836439238e-8
226.91,1.2543911837880736e-8
227.01,1.2503946225449201e-8
227.11,1.2464105615190001e-8
227.21,1.2424389624295052e-8
227.31,1.2384797871100023e-8
227.41,1.234532997508074e-8
227.51,1.2305985556849842e-8
227.61,1.2266764238153513e-8
227.71,1.2227665641868443e-8
227.81,1.2188689391998233e-8
227.91,1.2149835113670404e-8
228.01,1.2111102433132663e-8
228.11,1.2072490977750385e-8
228.21,1.2034000376002637e-8
228.31,1.1995630257479527e-8
228.41,1.1957380252878692e-8
228.51,1.1919249994001767e-8
228.61,1.1881239113752079e-8
228.71,1.1843347246130598e-8
228.81,1.1805574026233111e-8
228.91,1.1767919090247058e-8
229.01,1.1730382075448159e-8
229.11,1.1692962620197582e-8
229.21,1.1655660363938477e-8
229.31,1.1618474947193138e-8
229.41,1.1581406011559482e-8
229.51,1.1544453199708236e-8
229.61,1.1507616155379679e-8
229.71,1.1470894523380735e-8
229.81,1.1434287949581592e-8
229.91,1.1397796080912625e-8
230.01,1.1361418565361747e-8
230.11,1.1325155051970623e-8
230.21,1.1289005190832484e-8
230.31,1.1252968633088131e-8
230.41,1.1217045030923586e-8
230.51,1.1181234037566826e-8
230.61,1.1145535307284536e-8
230.71,1.1109948495379606e-8
230.81,1.1074473258187642e-8
230.91,1.1039109253074011e-8
231.01,1.1003856138431097e-8
231.11,1.0968713573675263e-8
231.21,1.0933681219243619e-8
231.31,1.0898758736591265e-8
231.41,1.086394578818826e-8
231.51,1.0829242037516729e-8
231.61,1.0794647149068026e-8
231.71,1.076016078833929e-8
231.81,1.0725782621831172e-8
231.91,1.0691512317044448e-8
232.01,1.0657349542477372e-8
232.11,1.0623293967622665e-8
232.21,1.0589345262964542e-8
232.31,1.0555503099975965e-8
232.41,1.0521767151115763e-8
232.51,1.0488137089825607e-8
232.61,1.0454612590527194e-8
232.71,1.0421193328619542e-8
232.81,1.0387878980475955e-8
232.91,1.0354669223441405e-8
233.01,1.0321563735829442e-8
233.11,1.0288562196919353e-8
233.21,1.0255664286953727e-8
233.31,1.0222869687135351e-8
233.41,1.0190178079624184e-8
233.51,1.0157589147535306e-8
233.61,1.0125102574935222e-8
233.71,1.009271804683973e-8
233.81,1.0060435249210945e-8
233.91,1.002825386895454e-8
234.01,9.996173593916915e-9
234.11,9.964194112882587e-9
234.21,9.932315115571249e-9
234.31,9.90053629263554e-9
234.41,9.868857335657658e-9
234.51,9.837277937146896e-9
234.61,9.805797790537282e-9
234.71,9.774416590184383e-9
234.81,9.74313403136278e-9
234.91,9.711949810263639e-9
235.01,9.680863623991534e-9
235.11,9.649875170562312e-9
235.21,9.61898414889993e-9
235.31,9.588190258834337e-9
235.41,9.557493201098166e-9
235.51,9.526892677324912e-9
235.61,9.496388390045422e-9
235.71,9.46598004268599e-9
235.81,9.435667339565323e-9
235.91,9.405449985892089e-9
236.01,9.375327687762352e-9
236.11,9.345300152156704e-9
236.21,9.31536708693805e-9
236.31,9.28552820084888e-9
236.41,9.255783203508567e-9
236.51,9.226131805410972e-9
236.61,9.196573717921767e-9
236.71,9.167108653276018e-9
236.81,9.137736324575509e-9
236.91,9.108456445786174e-9
237.01,9.079268731735842e-9
237.11,9.050172898111314e-9
237.21,9.021168661456185e-9
237.31,8.992255739168187e-9
237.41,8.963433849496668e-9
237.51,8.93470271154006e-9
237.61,8.906062045243651e-9
237.71,8.87751157139675e-9
237.81,8.84905101163046e-9
237.91,8.820680088415081e-9
238.01,8.792398525057749e-9
238.11,8.764206045699942e-9
238.21,8.736102375314971e-9
238.31,8.708087239705666e-9
238.41,8.68016036550172e-9
238.51,8.652321480157676e-9
238.61,8.624570311950086e-9
238.71,8.59690658997529e-9
238.81,8.569330044146904e-9
238.91,8.541840405193685e-9
239.01,8.51443740465681e-9
239.11,8.487120774887748e-9
239.21,8.459890249045751e-9
239.31,8.432745561095467e-9
239.41,8.405686445804642e-9
239.51,8.37871263874165e-9
239.61,8.35182387627347e-9
239.71,8.325019895562849e-9
239.81,8.29830043456646e-9
239.91,8.271665232032103e-9
240.01,8.245114027496607e-9
240.11,8.21864656128377e-9
240.21,8.192262574501588e-9
240.31,8.165961809040208e-9
240.41,8.139744007569511e-9
240.51,8.113608913537097e-9
240.61,8.08755627116549e-9
240.71,8.061585825450334e-9
240.81,8.035697322158084e-9
240.91,8.00989050782334e-9
241.01,7.984165129746886e-9
241.11,7.958520935993561e-9
241.21,7.93295767538978e-9
241.31,7.907475097521385e-9
241.41,7.882072952731374e-9
241.51,7.856750992117634e-9
241.61,7.83150896753091e-9
241.71,7.80634663157233e-9
241.81,7.781263737591435e-9
241.91,7.756260039683998e-9
242.01,7.731335292689326e-9
242.11,7.706489252188785e-9
242.21,7.681721674503123e-9
242.31,7.657032316690568e-9
242.41,7.632420936544342e-9
242.51,7.607887292590882e-9
242.61,7.5834311440874e-9
242.71,7.559052251019928e-9
242.81,7.534750374100862e-9
242.91,7.510525274767235e-9
243.01,7.486376715178363e-9
243.11,7.462304458213448e-9
243.21,7.4383082674701745e-9
243.31,7.414387907261851e-9
243.41,7.390543142615657e-9
243.51,7.366773739270577e-9
243.61,7.3430794636751745e-9
243.71,7.319460082985477e-9
243.81,7.295915365063096e-9
243.91,7.272445078472776e-9
244.01,7.24904899248081e-9
244.11,7.2257268770525724e-9
244.21,7.202478502850542e-9
244.31,7.179303641232422e-9
244.41,7.156202064248909e-9
244.51,7.13317354464174e-9
244.61,7.11021785584158e-9
244.71,7.087334771966103e-9
244.81,7.0645240678177355e-9
244.91,7.041785518881839e-9
245.01,7.019118901324909e-9
245.11,6.9965239919918504e-9
245.21,6.974000568404821e-9
245.31,6.951548408760614e-9
245.41,6.929167291929034e-9
245.51,6.9068569974506105e-9
245.61,6.884617305534877e-9
245.71,6.862447997058252e-9
245.81,6.840348853562175e-9
245.91,6.818319657250892e-9
246.01,6.796360190989965e-9
246.11,6.7744702383037e-9
246.21,6.752649583373782e-9
246.31,6.730898011037079e-9
246.41,6.709215306783569e-9
246.51,6.687601256754642e-9
246.61,6.666055647741007e-9
246.71,6.644578267180908e-9
246.81,6.6231689031582004e-9
246.91,6.601827344400261e-9
247.01,6.580553380276271e-9
247.11,6.559346800795391e-9
247.21,6.538207396604486e-9
247.31,6.517134958986743e-9
247.41,6.496129279859321e-9
247.51,6.475190151771925e-9
247.61,6.454317367904439e-9
247.71,6.433510722065458e-9
247.81,6.412770008690373e-9
247.91,6.3920950228392756e-9
248.01,6.371485560195429e-9
248.11,6.350941417063063e-9
248.21,6.330462390365897e-9
248.31,6.310048277645132e-9
248.41,6.28969887705761e-9
248.51,6.269413987373878e-9
248.61,6.249193407976741e-9
248.71,6.229036938858985e-9
248.81,6.208944380622068e-9
248.91,6.188915534473789e-9
249.01,6.168950202226914e-9
249.11,6.149048186297104e-9
249.21,6.12920928970133e-9
249.31,6.109433316056012e-9
249.41,6.08972006957517e-9
249.51,6.070069355068786e-9
249.61,6.050480977940828e-9
249.71,6.030954744187838e-9
249.81,6.011490460396786e-9
249.91,5.992087933743621e-9
